exception_id,control_id,control_name,tier,severity,column,key_value,observed_value,finding,remediation
DQX00064,DQ-001,PLACEHOLDER_ZERO,TIER 1,CRITICAL,Climate Value,Afghanistan,0.0,"0.0 is a missing-data placeholder, not an observation; averaging it yields 37.60 against a true mean of 77.83",Replace the placeholder with NULL before any aggregation; never impute silently.
DQX00065,DQ-001,PLACEHOLDER_ZERO,TIER 1,CRITICAL,Climate Value,Aland Islands,0.0,"0.0 is a missing-data placeholder, not an observation; averaging it yields 37.60 against a true mean of 77.83",Replace the placeholder with NULL before any aggregation; never impute silently.
DQX00066,DQ-001,PLACEHOLDER_ZERO,TIER 1,CRITICAL,Climate Value,Alderney,0.0,"0.0 is a missing-data placeholder, not an observation; averaging it yields 37.60 against a true mean of 77.83",Replace the placeholder with NULL before any aggregation; never impute silently.
DQX00067,DQ-001,PLACEHOLDER_ZERO,TIER 1,CRITICAL,Climate Value,American Samoa,0.0,"0.0 is a missing-data placeholder, not an observation; averaging it yields 37.60 against a true mean of 77.83",Replace the placeholder with NULL before any aggregation; never impute silently.
DQX00068,DQ-001,PLACEHOLDER_ZERO,TIER 1,CRITICAL,Climate Value,Andorra,0.0,"0.0 is a missing-data placeholder, not an observation; averaging it yields 37.60 against a true mean of 77.83",Replace the placeholder with NULL before any aggregation; never impute silently.
DQX00069,DQ-001,PLACEHOLDER_ZERO,TIER 1,CRITICAL,Climate Value,Angola,0.0,"0.0 is a missing-data placeholder, not an observation; averaging it yields 37.60 against a true mean of 77.83",Replace the placeholder with NULL before any aggregation; never impute silently.
DQX00070,DQ-001,PLACEHOLDER_ZERO,TIER 1,CRITICAL,Climate Value,Anguilla,0.0,"0.0 is a missing-data placeholder, not an observation; averaging it yields 37.60 against a true mean of 77.83",Replace the placeholder with NULL before any aggregation; never impute silently.
DQX00071,DQ-001,PLACEHOLDER_ZERO,TIER 1,CRITICAL,Climate Value,Antigua And Barbuda,0.0,"0.0 is a missing-data placeholder, not an observation; averaging it yields 37.60 against a true mean of 77.83",Replace the placeholder with NULL before any aggregation; never impute silently.
DQX00072,DQ-001,PLACEHOLDER_ZERO,TIER 1,CRITICAL,Climate Value,Aruba,0.0,"0.0 is a missing-data placeholder, not an observation; averaging it yields 37.60 against a true mean of 77.83",Replace the placeholder with NULL before any aggregation; never impute silently.
DQX00073,DQ-001,PLACEHOLDER_ZERO,TIER 1,CRITICAL,Climate Value,Bahamas,0.0,"0.0 is a missing-data placeholder, not an observation; averaging it yields 37.60 against a true mean of 77.83",Replace the placeholder with NULL before any aggregation; never impute silently.
DQX00074,DQ-001,PLACEHOLDER_ZERO,TIER 1,CRITICAL,Climate Value,Barbados,0.0,"0.0 is a missing-data placeholder, not an observation; averaging it yields 37.60 against a true mean of 77.83",Replace the placeholder with NULL before any aggregation; never impute silently.
DQX00075,DQ-001,PLACEHOLDER_ZERO,TIER 1,CRITICAL,Climate Value,Belize,0.0,"0.0 is a missing-data placeholder, not an observation; averaging it yields 37.60 against a true mean of 77.83",Replace the placeholder with NULL before any aggregation; never impute silently.
DQX00076,DQ-001,PLACEHOLDER_ZERO,TIER 1,CRITICAL,Climate Value,Benin,0.0,"0.0 is a missing-data placeholder, not an observation; averaging it yields 37.60 against a true mean of 77.83",Replace the placeholder with NULL before any aggregation; never impute silently.
DQX00077,DQ-001,PLACEHOLDER_ZERO,TIER 1,CRITICAL,Climate Value,Bermuda,0.0,"0.0 is a missing-data placeholder, not an observation; averaging it yields 37.60 against a true mean of 77.83",Replace the placeholder with NULL before any aggregation; never impute silently.
DQX00078,DQ-001,PLACEHOLDER_ZERO,TIER 1,CRITICAL,Climate Value,Bhutan,0.0,"0.0 is a missing-data placeholder, not an observation; averaging it yields 37.60 against a true mean of 77.83",Replace the placeholder with NULL before any aggregation; never impute silently.
DQX00079,DQ-001,PLACEHOLDER_ZERO,TIER 1,CRITICAL,Climate Value,Bolivia,0.0,"0.0 is a missing-data placeholder, not an observation; averaging it yields 37.60 against a true mean of 77.83",Replace the placeholder with NULL before any aggregation; never impute silently.
DQX00080,DQ-001,PLACEHOLDER_ZERO,TIER 1,CRITICAL,Climate Value,Bonaire,0.0,"0.0 is a missing-data placeholder, not an observation; averaging it yields 37.60 against a true mean of 77.83",Replace the placeholder with NULL before any aggregation; never impute silently.
DQX00081,DQ-001,PLACEHOLDER_ZERO,TIER 1,CRITICAL,Climate Value,British Virgin Islands,0.0,"0.0 is a missing-data placeholder, not an observation; averaging it yields 37.60 against a true mean of 77.83",Replace the placeholder with NULL before any aggregation; never impute silently.
DQX00082,DQ-001,PLACEHOLDER_ZERO,TIER 1,CRITICAL,Climate Value,Brunei,0.0,"0.0 is a missing-data placeholder, not an observation; averaging it yields 37.60 against a true mean of 77.83",Replace the placeholder with NULL before any aggregation; never impute silently.
DQX00083,DQ-001,PLACEHOLDER_ZERO,TIER 1,CRITICAL,Climate Value,Burkina Faso,0.0,"0.0 is a missing-data placeholder, not an observation; averaging it yields 37.60 against a true mean of 77.83",Replace the placeholder with NULL before any aggregation; never impute silently.
DQX00084,DQ-001,PLACEHOLDER_ZERO,TIER 1,CRITICAL,Climate Value,Burundi,0.0,"0.0 is a missing-data placeholder, not an observation; averaging it yields 37.60 against a true mean of 77.83",Replace the placeholder with NULL before any aggregation; never impute silently.
DQX00085,DQ-001,PLACEHOLDER_ZERO,TIER 1,CRITICAL,Climate Value,Cameroon,0.0,"0.0 is a missing-data placeholder, not an observation; averaging it yields 37.60 against a true mean of 77.83",Replace the placeholder with NULL before any aggregation; never impute silently.
DQX00086,DQ-001,PLACEHOLDER_ZERO,TIER 1,CRITICAL,Climate Value,Cape Verde,0.0,"0.0 is a missing-data placeholder, not an observation; averaging it yields 37.60 against a true mean of 77.83",Replace the placeholder with NULL before any aggregation; never impute silently.
DQX00087,DQ-001,PLACEHOLDER_ZERO,TIER 1,CRITICAL,Climate Value,Cayman Islands,0.0,"0.0 is a missing-data placeholder, not an observation; averaging it yields 37.60 against a true mean of 77.83",Replace the placeholder with NULL before any aggregation; never impute silently.
DQX00088,DQ-001,PLACEHOLDER_ZERO,TIER 1,CRITICAL,Climate Value,Central African Republic,0.0,"0.0 is a missing-data placeholder, not an observation; averaging it yields 37.60 against a true mean of 77.83",Replace the placeholder with NULL before any aggregation; never impute silently.
DQX00089,DQ-001,PLACEHOLDER_ZERO,TIER 1,CRITICAL,Climate Value,Chad,0.0,"0.0 is a missing-data placeholder, not an observation; averaging it yields 37.60 against a true mean of 77.83",Replace the placeholder with NULL before any aggregation; never impute silently.
DQX00090,DQ-001,PLACEHOLDER_ZERO,TIER 1,CRITICAL,Climate Value,Comoros,0.0,"0.0 is a missing-data placeholder, not an observation; averaging it yields 37.60 against a true mean of 77.83",Replace the placeholder with NULL before any aggregation; never impute silently.
DQX00091,DQ-001,PLACEHOLDER_ZERO,TIER 1,CRITICAL,Climate Value,Cook Islands,0.0,"0.0 is a missing-data placeholder, not an observation; averaging it yields 37.60 against a true mean of 77.83",Replace the placeholder with NULL before any aggregation; never impute silently.
DQX00092,DQ-001,PLACEHOLDER_ZERO,TIER 1,CRITICAL,Climate Value,Cuba,0.0,"0.0 is a missing-data placeholder, not an observation; averaging it yields 37.60 against a true mean of 77.83",Replace the placeholder with NULL before any aggregation; never impute silently.
DQX00093,DQ-001,PLACEHOLDER_ZERO,TIER 1,CRITICAL,Climate Value,Curacao,0.0,"0.0 is a missing-data placeholder, not an observation; averaging it yields 37.60 against a true mean of 77.83",Replace the placeholder with NULL before any aggregation; never impute silently.
DQX00094,DQ-001,PLACEHOLDER_ZERO,TIER 1,CRITICAL,Climate Value,Democratic Republic of the Congo,0.0,"0.0 is a missing-data placeholder, not an observation; averaging it yields 37.60 against a true mean of 77.83",Replace the placeholder with NULL before any aggregation; never impute silently.
DQX00095,DQ-001,PLACEHOLDER_ZERO,TIER 1,CRITICAL,Climate Value,Djibouti,0.0,"0.0 is a missing-data placeholder, not an observation; averaging it yields 37.60 against a true mean of 77.83",Replace the placeholder with NULL before any aggregation; never impute silently.
DQX00096,DQ-001,PLACEHOLDER_ZERO,TIER 1,CRITICAL,Climate Value,Dominica,0.0,"0.0 is a missing-data placeholder, not an observation; averaging it yields 37.60 against a true mean of 77.83",Replace the placeholder with NULL before any aggregation; never impute silently.
DQX00097,DQ-001,PLACEHOLDER_ZERO,TIER 1,CRITICAL,Climate Value,Equatorial Guinea,0.0,"0.0 is a missing-data placeholder, not an observation; averaging it yields 37.60 against a true mean of 77.83",Replace the placeholder with NULL before any aggregation; never impute silently.
DQX00098,DQ-001,PLACEHOLDER_ZERO,TIER 1,CRITICAL,Climate Value,Eritrea,0.0,"0.0 is a missing-data placeholder, not an observation; averaging it yields 37.60 against a true mean of 77.83",Replace the placeholder with NULL before any aggregation; never impute silently.
DQX00099,DQ-001,PLACEHOLDER_ZERO,TIER 1,CRITICAL,Climate Value,Eswatini,0.0,"0.0 is a missing-data placeholder, not an observation; averaging it yields 37.60 against a true mean of 77.83",Replace the placeholder with NULL before any aggregation; never impute silently.
DQX00100,DQ-001,PLACEHOLDER_ZERO,TIER 1,CRITICAL,Climate Value,Falkland Islands,0.0,"0.0 is a missing-data placeholder, not an observation; averaging it yields 37.60 against a true mean of 77.83",Replace the placeholder with NULL before any aggregation; never impute silently.
DQX00101,DQ-001,PLACEHOLDER_ZERO,TIER 1,CRITICAL,Climate Value,Faroe Islands,0.0,"0.0 is a missing-data placeholder, not an observation; averaging it yields 37.60 against a true mean of 77.83",Replace the placeholder with NULL before any aggregation; never impute silently.
DQX00102,DQ-001,PLACEHOLDER_ZERO,TIER 1,CRITICAL,Climate Value,French Guiana,0.0,"0.0 is a missing-data placeholder, not an observation; averaging it yields 37.60 against a true mean of 77.83",Replace the placeholder with NULL before any aggregation; never impute silently.
DQX00103,DQ-001,PLACEHOLDER_ZERO,TIER 1,CRITICAL,Climate Value,French Polynesia,0.0,"0.0 is a missing-data placeholder, not an observation; averaging it yields 37.60 against a true mean of 77.83",Replace the placeholder with NULL before any aggregation; never impute silently.
DQX00104,DQ-001,PLACEHOLDER_ZERO,TIER 1,CRITICAL,Climate Value,French Southern Territories,0.0,"0.0 is a missing-data placeholder, not an observation; averaging it yields 37.60 against a true mean of 77.83",Replace the placeholder with NULL before any aggregation; never impute silently.
DQX00105,DQ-001,PLACEHOLDER_ZERO,TIER 1,CRITICAL,Climate Value,Gabon,0.0,"0.0 is a missing-data placeholder, not an observation; averaging it yields 37.60 against a true mean of 77.83",Replace the placeholder with NULL before any aggregation; never impute silently.
DQX00106,DQ-001,PLACEHOLDER_ZERO,TIER 1,CRITICAL,Climate Value,Gambia,0.0,"0.0 is a missing-data placeholder, not an observation; averaging it yields 37.60 against a true mean of 77.83",Replace the placeholder with NULL before any aggregation; never impute silently.
DQX00107,DQ-001,PLACEHOLDER_ZERO,TIER 1,CRITICAL,Climate Value,Gibraltar,0.0,"0.0 is a missing-data placeholder, not an observation; averaging it yields 37.60 against a true mean of 77.83",Replace the placeholder with NULL before any aggregation; never impute silently.
DQX00108,DQ-001,PLACEHOLDER_ZERO,TIER 1,CRITICAL,Climate Value,Greenland,0.0,"0.0 is a missing-data placeholder, not an observation; averaging it yields 37.60 against a true mean of 77.83",Replace the placeholder with NULL before any aggregation; never impute silently.
DQX00109,DQ-001,PLACEHOLDER_ZERO,TIER 1,CRITICAL,Climate Value,Grenada,0.0,"0.0 is a missing-data placeholder, not an observation; averaging it yields 37.60 against a true mean of 77.83",Replace the placeholder with NULL before any aggregation; never impute silently.
DQX00110,DQ-001,PLACEHOLDER_ZERO,TIER 1,CRITICAL,Climate Value,Guadeloupe,0.0,"0.0 is a missing-data placeholder, not an observation; averaging it yields 37.60 against a true mean of 77.83",Replace the placeholder with NULL before any aggregation; never impute silently.
DQX00111,DQ-001,PLACEHOLDER_ZERO,TIER 1,CRITICAL,Climate Value,Guam,0.0,"0.0 is a missing-data placeholder, not an observation; averaging it yields 37.60 against a true mean of 77.83",Replace the placeholder with NULL before any aggregation; never impute silently.
DQX00112,DQ-001,PLACEHOLDER_ZERO,TIER 1,CRITICAL,Climate Value,Guernsey,0.0,"0.0 is a missing-data placeholder, not an observation; averaging it yields 37.60 against a true mean of 77.83",Replace the placeholder with NULL before any aggregation; never impute silently.
DQX00113,DQ-001,PLACEHOLDER_ZERO,TIER 1,CRITICAL,Climate Value,Guinea,0.0,"0.0 is a missing-data placeholder, not an observation; averaging it yields 37.60 against a true mean of 77.83",Replace the placeholder with NULL before any aggregation; never impute silently.
DQX00114,DQ-001,PLACEHOLDER_ZERO,TIER 1,CRITICAL,Climate Value,Guinea-Bissau,0.0,"0.0 is a missing-data placeholder, not an observation; averaging it yields 37.60 against a true mean of 77.83",Replace the placeholder with NULL before any aggregation; never impute silently.
DQX00115,DQ-001,PLACEHOLDER_ZERO,TIER 1,CRITICAL,Climate Value,Guyana,0.0,"0.0 is a missing-data placeholder, not an observation; averaging it yields 37.60 against a true mean of 77.83",Replace the placeholder with NULL before any aggregation; never impute silently.
DQX00116,DQ-001,PLACEHOLDER_ZERO,TIER 1,CRITICAL,Climate Value,Haiti,0.0,"0.0 is a missing-data placeholder, not an observation; averaging it yields 37.60 against a true mean of 77.83",Replace the placeholder with NULL before any aggregation; never impute silently.
DQX00117,DQ-001,PLACEHOLDER_ZERO,TIER 1,CRITICAL,Climate Value,Honduras,0.0,"0.0 is a missing-data placeholder, not an observation; averaging it yields 37.60 against a true mean of 77.83",Replace the placeholder with NULL before any aggregation; never impute silently.
DQX00118,DQ-001,PLACEHOLDER_ZERO,TIER 1,CRITICAL,Climate Value,Isle Of Man,0.0,"0.0 is a missing-data placeholder, not an observation; averaging it yields 37.60 against a true mean of 77.83",Replace the placeholder with NULL before any aggregation; never impute silently.
DQX00119,DQ-001,PLACEHOLDER_ZERO,TIER 1,CRITICAL,Climate Value,Ivory Coast,0.0,"0.0 is a missing-data placeholder, not an observation; averaging it yields 37.60 against a true mean of 77.83",Replace the placeholder with NULL before any aggregation; never impute silently.
DQX00120,DQ-001,PLACEHOLDER_ZERO,TIER 1,CRITICAL,Climate Value,Jersey,0.0,"0.0 is a missing-data placeholder, not an observation; averaging it yields 37.60 against a true mean of 77.83",Replace the placeholder with NULL before any aggregation; never impute silently.
DQX00121,DQ-001,PLACEHOLDER_ZERO,TIER 1,CRITICAL,Climate Value,Kiribati,0.0,"0.0 is a missing-data placeholder, not an observation; averaging it yields 37.60 against a true mean of 77.83",Replace the placeholder with NULL before any aggregation; never impute silently.
DQX00122,DQ-001,PLACEHOLDER_ZERO,TIER 1,CRITICAL,Climate Value,Laos,0.0,"0.0 is a missing-data placeholder, not an observation; averaging it yields 37.60 against a true mean of 77.83",Replace the placeholder with NULL before any aggregation; never impute silently.
DQX00123,DQ-001,PLACEHOLDER_ZERO,TIER 1,CRITICAL,Climate Value,Lesotho,0.0,"0.0 is a missing-data placeholder, not an observation; averaging it yields 37.60 against a true mean of 77.83",Replace the placeholder with NULL before any aggregation; never impute silently.
DQX00124,DQ-001,PLACEHOLDER_ZERO,TIER 1,CRITICAL,Climate Value,Liberia,0.0,"0.0 is a missing-data placeholder, not an observation; averaging it yields 37.60 against a true mean of 77.83",Replace the placeholder with NULL before any aggregation; never impute silently.
DQX00125,DQ-001,PLACEHOLDER_ZERO,TIER 1,CRITICAL,Climate Value,Liechtenstein,0.0,"0.0 is a missing-data placeholder, not an observation; averaging it yields 37.60 against a true mean of 77.83",Replace the placeholder with NULL before any aggregation; never impute silently.
DQX00126,DQ-001,PLACEHOLDER_ZERO,TIER 1,CRITICAL,Climate Value,Madagascar,0.0,"0.0 is a missing-data placeholder, not an observation; averaging it yields 37.60 against a true mean of 77.83",Replace the placeholder with NULL before any aggregation; never impute silently.
DQX00127,DQ-001,PLACEHOLDER_ZERO,TIER 1,CRITICAL,Climate Value,Malawi,0.0,"0.0 is a missing-data placeholder, not an observation; averaging it yields 37.60 against a true mean of 77.83",Replace the placeholder with NULL before any aggregation; never impute silently.
DQX00128,DQ-001,PLACEHOLDER_ZERO,TIER 1,CRITICAL,Climate Value,Maldives,0.0,"0.0 is a missing-data placeholder, not an observation; averaging it yields 37.60 against a true mean of 77.83",Replace the placeholder with NULL before any aggregation; never impute silently.
DQX00129,DQ-001,PLACEHOLDER_ZERO,TIER 1,CRITICAL,Climate Value,Mali,0.0,"0.0 is a missing-data placeholder, not an observation; averaging it yields 37.60 against a true mean of 77.83",Replace the placeholder with NULL before any aggregation; never impute silently.
DQX00130,DQ-001,PLACEHOLDER_ZERO,TIER 1,CRITICAL,Climate Value,Marshall Islands,0.0,"0.0 is a missing-data placeholder, not an observation; averaging it yields 37.60 against a true mean of 77.83",Replace the placeholder with NULL before any aggregation; never impute silently.
DQX00131,DQ-001,PLACEHOLDER_ZERO,TIER 1,CRITICAL,Climate Value,Martinique,0.0,"0.0 is a missing-data placeholder, not an observation; averaging it yields 37.60 against a true mean of 77.83",Replace the placeholder with NULL before any aggregation; never impute silently.
DQX00132,DQ-001,PLACEHOLDER_ZERO,TIER 1,CRITICAL,Climate Value,Mauritania,0.0,"0.0 is a missing-data placeholder, not an observation; averaging it yields 37.60 against a true mean of 77.83",Replace the placeholder with NULL before any aggregation; never impute silently.
DQX00133,DQ-001,PLACEHOLDER_ZERO,TIER 1,CRITICAL,Climate Value,Mauritius,0.0,"0.0 is a missing-data placeholder, not an observation; averaging it yields 37.60 against a true mean of 77.83",Replace the placeholder with NULL before any aggregation; never impute silently.
DQX00134,DQ-001,PLACEHOLDER_ZERO,TIER 1,CRITICAL,Climate Value,Micronesia,0.0,"0.0 is a missing-data placeholder, not an observation; averaging it yields 37.60 against a true mean of 77.83",Replace the placeholder with NULL before any aggregation; never impute silently.
DQX00135,DQ-001,PLACEHOLDER_ZERO,TIER 1,CRITICAL,Climate Value,Monaco,0.0,"0.0 is a missing-data placeholder, not an observation; averaging it yields 37.60 against a true mean of 77.83",Replace the placeholder with NULL before any aggregation; never impute silently.
DQX00136,DQ-001,PLACEHOLDER_ZERO,TIER 1,CRITICAL,Climate Value,Montserrat,0.0,"0.0 is a missing-data placeholder, not an observation; averaging it yields 37.60 against a true mean of 77.83",Replace the placeholder with NULL before any aggregation; never impute silently.
DQX00137,DQ-001,PLACEHOLDER_ZERO,TIER 1,CRITICAL,Climate Value,Mozambique,0.0,"0.0 is a missing-data placeholder, not an observation; averaging it yields 37.60 against a true mean of 77.83",Replace the placeholder with NULL before any aggregation; never impute silently.
DQX00138,DQ-001,PLACEHOLDER_ZERO,TIER 1,CRITICAL,Climate Value,Myanmar,0.0,"0.0 is a missing-data placeholder, not an observation; averaging it yields 37.60 against a true mean of 77.83",Replace the placeholder with NULL before any aggregation; never impute silently.
DQX00139,DQ-001,PLACEHOLDER_ZERO,TIER 1,CRITICAL,Climate Value,Namibia,0.0,"0.0 is a missing-data placeholder, not an observation; averaging it yields 37.60 against a true mean of 77.83",Replace the placeholder with NULL before any aggregation; never impute silently.
DQX00140,DQ-001,PLACEHOLDER_ZERO,TIER 1,CRITICAL,Climate Value,Nauru,0.0,"0.0 is a missing-data placeholder, not an observation; averaging it yields 37.60 against a true mean of 77.83",Replace the placeholder with NULL before any aggregation; never impute silently.
DQX00141,DQ-001,PLACEHOLDER_ZERO,TIER 1,CRITICAL,Climate Value,New Caledonia,0.0,"0.0 is a missing-data placeholder, not an observation; averaging it yields 37.60 against a true mean of 77.83",Replace the placeholder with NULL before any aggregation; never impute silently.
DQX00142,DQ-001,PLACEHOLDER_ZERO,TIER 1,CRITICAL,Climate Value,Nicaragua,0.0,"0.0 is a missing-data placeholder, not an observation; averaging it yields 37.60 against a true mean of 77.83",Replace the placeholder with NULL before any aggregation; never impute silently.
DQX00143,DQ-001,PLACEHOLDER_ZERO,TIER 1,CRITICAL,Climate Value,Niger,0.0,"0.0 is a missing-data placeholder, not an observation; averaging it yields 37.60 against a true mean of 77.83",Replace the placeholder with NULL before any aggregation; never impute silently.
DQX00144,DQ-001,PLACEHOLDER_ZERO,TIER 1,CRITICAL,Climate Value,Niue,0.0,"0.0 is a missing-data placeholder, not an observation; averaging it yields 37.60 against a true mean of 77.83",Replace the placeholder with NULL before any aggregation; never impute silently.
DQX00145,DQ-001,PLACEHOLDER_ZERO,TIER 1,CRITICAL,Climate Value,North Korea,0.0,"0.0 is a missing-data placeholder, not an observation; averaging it yields 37.60 against a true mean of 77.83",Replace the placeholder with NULL before any aggregation; never impute silently.
DQX00146,DQ-001,PLACEHOLDER_ZERO,TIER 1,CRITICAL,Climate Value,Northern Mariana Islands,0.0,"0.0 is a missing-data placeholder, not an observation; averaging it yields 37.60 against a true mean of 77.83",Replace the placeholder with NULL before any aggregation; never impute silently.
DQX00147,DQ-001,PLACEHOLDER_ZERO,TIER 1,CRITICAL,Climate Value,Palau,0.0,"0.0 is a missing-data placeholder, not an observation; averaging it yields 37.60 against a true mean of 77.83",Replace the placeholder with NULL before any aggregation; never impute silently.
DQX00148,DQ-001,PLACEHOLDER_ZERO,TIER 1,CRITICAL,Climate Value,Palestine,0.0,"0.0 is a missing-data placeholder, not an observation; averaging it yields 37.60 against a true mean of 77.83",Replace the placeholder with NULL before any aggregation; never impute silently.
DQX00149,DQ-001,PLACEHOLDER_ZERO,TIER 1,CRITICAL,Climate Value,Papua New Guinea,0.0,"0.0 is a missing-data placeholder, not an observation; averaging it yields 37.60 against a true mean of 77.83",Replace the placeholder with NULL before any aggregation; never impute silently.
DQX00150,DQ-001,PLACEHOLDER_ZERO,TIER 1,CRITICAL,Climate Value,Puerto Rico,0.0,"0.0 is a missing-data placeholder, not an observation; averaging it yields 37.60 against a true mean of 77.83",Replace the placeholder with NULL before any aggregation; never impute silently.
DQX00151,DQ-001,PLACEHOLDER_ZERO,TIER 1,CRITICAL,Climate Value,Republic of the Congo,0.0,"0.0 is a missing-data placeholder, not an observation; averaging it yields 37.60 against a true mean of 77.83",Replace the placeholder with NULL before any aggregation; never impute silently.
DQX00152,DQ-001,PLACEHOLDER_ZERO,TIER 1,CRITICAL,Climate Value,Reunion,0.0,"0.0 is a missing-data placeholder, not an observation; averaging it yields 37.60 against a true mean of 77.83",Replace the placeholder with NULL before any aggregation; never impute silently.
DQX00153,DQ-001,PLACEHOLDER_ZERO,TIER 1,CRITICAL,Climate Value,Saint Helena,0.0,"0.0 is a missing-data placeholder, not an observation; averaging it yields 37.60 against a true mean of 77.83",Replace the placeholder with NULL before any aggregation; never impute silently.
DQX00154,DQ-001,PLACEHOLDER_ZERO,TIER 1,CRITICAL,Climate Value,Saint Kitts And Nevis,0.0,"0.0 is a missing-data placeholder, not an observation; averaging it yields 37.60 against a true mean of 77.83",Replace the placeholder with NULL before any aggregation; never impute silently.
DQX00155,DQ-001,PLACEHOLDER_ZERO,TIER 1,CRITICAL,Climate Value,Saint Lucia,0.0,"0.0 is a missing-data placeholder, not an observation; averaging it yields 37.60 against a true mean of 77.83",Replace the placeholder with NULL before any aggregation; never impute silently.
DQX00156,DQ-001,PLACEHOLDER_ZERO,TIER 1,CRITICAL,Climate Value,Saint Vincent And The Grenadines,0.0,"0.0 is a missing-data placeholder, not an observation; averaging it yields 37.60 against a true mean of 77.83",Replace the placeholder with NULL before any aggregation; never impute silently.
DQX00157,DQ-001,PLACEHOLDER_ZERO,TIER 1,CRITICAL,Climate Value,Saint-Pierre And Miquelon,0.0,"0.0 is a missing-data placeholder, not an observation; averaging it yields 37.60 against a true mean of 77.83",Replace the placeholder with NULL before any aggregation; never impute silently.
DQX00158,DQ-001,PLACEHOLDER_ZERO,TIER 1,CRITICAL,Climate Value,Samoa,0.0,"0.0 is a missing-data placeholder, not an observation; averaging it yields 37.60 against a true mean of 77.83",Replace the placeholder with NULL before any aggregation; never impute silently.
DQX00159,DQ-001,PLACEHOLDER_ZERO,TIER 1,CRITICAL,Climate Value,San Marino,0.0,"0.0 is a missing-data placeholder, not an observation; averaging it yields 37.60 against a true mean of 77.83",Replace the placeholder with NULL before any aggregation; never impute silently.
DQX00160,DQ-001,PLACEHOLDER_ZERO,TIER 1,CRITICAL,Climate Value,Sao Tome And Principe,0.0,"0.0 is a missing-data placeholder, not an observation; averaging it yields 37.60 against a true mean of 77.83",Replace the placeholder with NULL before any aggregation; never impute silently.
DQX00161,DQ-001,PLACEHOLDER_ZERO,TIER 1,CRITICAL,Climate Value,Senegal,0.0,"0.0 is a missing-data placeholder, not an observation; averaging it yields 37.60 against a true mean of 77.83",Replace the placeholder with NULL before any aggregation; never impute silently.
DQX00162,DQ-001,PLACEHOLDER_ZERO,TIER 1,CRITICAL,Climate Value,Seychelles,0.0,"0.0 is a missing-data placeholder, not an observation; averaging it yields 37.60 against a true mean of 77.83",Replace the placeholder with NULL before any aggregation; never impute silently.
DQX00163,DQ-001,PLACEHOLDER_ZERO,TIER 1,CRITICAL,Climate Value,Sierra Leone,0.0,"0.0 is a missing-data placeholder, not an observation; averaging it yields 37.60 against a true mean of 77.83",Replace the placeholder with NULL before any aggregation; never impute silently.
DQX00164,DQ-001,PLACEHOLDER_ZERO,TIER 1,CRITICAL,Climate Value,Sint Maarten,0.0,"0.0 is a missing-data placeholder, not an observation; averaging it yields 37.60 against a true mean of 77.83",Replace the placeholder with NULL before any aggregation; never impute silently.
DQX00165,DQ-001,PLACEHOLDER_ZERO,TIER 1,CRITICAL,Climate Value,Solomon Islands,0.0,"0.0 is a missing-data placeholder, not an observation; averaging it yields 37.60 against a true mean of 77.83",Replace the placeholder with NULL before any aggregation; never impute silently.
DQX00166,DQ-001,PLACEHOLDER_ZERO,TIER 1,CRITICAL,Climate Value,Somalia,0.0,"0.0 is a missing-data placeholder, not an observation; averaging it yields 37.60 against a true mean of 77.83",Replace the placeholder with NULL before any aggregation; never impute silently.
DQX00167,DQ-001,PLACEHOLDER_ZERO,TIER 1,CRITICAL,Climate Value,South Sudan,0.0,"0.0 is a missing-data placeholder, not an observation; averaging it yields 37.60 against a true mean of 77.83",Replace the placeholder with NULL before any aggregation; never impute silently.
DQX00168,DQ-001,PLACEHOLDER_ZERO,TIER 1,CRITICAL,Climate Value,Sudan,0.0,"0.0 is a missing-data placeholder, not an observation; averaging it yields 37.60 against a true mean of 77.83",Replace the placeholder with NULL before any aggregation; never impute silently.
DQX00169,DQ-001,PLACEHOLDER_ZERO,TIER 1,CRITICAL,Climate Value,Suriname,0.0,"0.0 is a missing-data placeholder, not an observation; averaging it yields 37.60 against a true mean of 77.83",Replace the placeholder with NULL before any aggregation; never impute silently.
DQX00170,DQ-001,PLACEHOLDER_ZERO,TIER 1,CRITICAL,Climate Value,Syria,0.0,"0.0 is a missing-data placeholder, not an observation; averaging it yields 37.60 against a true mean of 77.83",Replace the placeholder with NULL before any aggregation; never impute silently.
DQX00171,DQ-001,PLACEHOLDER_ZERO,TIER 1,CRITICAL,Climate Value,Tajikistan,0.0,"0.0 is a missing-data placeholder, not an observation; averaging it yields 37.60 against a true mean of 77.83",Replace the placeholder with NULL before any aggregation; never impute silently.
DQX00172,DQ-001,PLACEHOLDER_ZERO,TIER 1,CRITICAL,Climate Value,Timor-Leste,0.0,"0.0 is a missing-data placeholder, not an observation; averaging it yields 37.60 against a true mean of 77.83",Replace the placeholder with NULL before any aggregation; never impute silently.
DQX00173,DQ-001,PLACEHOLDER_ZERO,TIER 1,CRITICAL,Climate Value,Togo,0.0,"0.0 is a missing-data placeholder, not an observation; averaging it yields 37.60 against a true mean of 77.83",Replace the placeholder with NULL before any aggregation; never impute silently.
DQX00174,DQ-001,PLACEHOLDER_ZERO,TIER 1,CRITICAL,Climate Value,Tonga,0.0,"0.0 is a missing-data placeholder, not an observation; averaging it yields 37.60 against a true mean of 77.83",Replace the placeholder with NULL before any aggregation; never impute silently.
DQX00175,DQ-001,PLACEHOLDER_ZERO,TIER 1,CRITICAL,Climate Value,Turkmenistan,0.0,"0.0 is a missing-data placeholder, not an observation; averaging it yields 37.60 against a true mean of 77.83",Replace the placeholder with NULL before any aggregation; never impute silently.
DQX00176,DQ-001,PLACEHOLDER_ZERO,TIER 1,CRITICAL,Climate Value,Turks And Caicos Islands,0.0,"0.0 is a missing-data placeholder, not an observation; averaging it yields 37.60 against a true mean of 77.83",Replace the placeholder with NULL before any aggregation; never impute silently.
DQX00177,DQ-001,PLACEHOLDER_ZERO,TIER 1,CRITICAL,Climate Value,Tuvalu,0.0,"0.0 is a missing-data placeholder, not an observation; averaging it yields 37.60 against a true mean of 77.83",Replace the placeholder with NULL before any aggregation; never impute silently.
DQX00178,DQ-001,PLACEHOLDER_ZERO,TIER 1,CRITICAL,Climate Value,Us Virgin Islands,0.0,"0.0 is a missing-data placeholder, not an observation; averaging it yields 37.60 against a true mean of 77.83",Replace the placeholder with NULL before any aggregation; never impute silently.
DQX00179,DQ-001,PLACEHOLDER_ZERO,TIER 1,CRITICAL,Climate Value,Vanuatu,0.0,"0.0 is a missing-data placeholder, not an observation; averaging it yields 37.60 against a true mean of 77.83",Replace the placeholder with NULL before any aggregation; never impute silently.
DQX00180,DQ-001,PLACEHOLDER_ZERO,TIER 1,CRITICAL,Climate Value,Vatican City,0.0,"0.0 is a missing-data placeholder, not an observation; averaging it yields 37.60 against a true mean of 77.83",Replace the placeholder with NULL before any aggregation; never impute silently.
DQX00181,DQ-001,PLACEHOLDER_ZERO,TIER 1,CRITICAL,Climate Value,Venezuela,0.0,"0.0 is a missing-data placeholder, not an observation; averaging it yields 37.60 against a true mean of 77.83",Replace the placeholder with NULL before any aggregation; never impute silently.
DQX00182,DQ-001,PLACEHOLDER_ZERO,TIER 1,CRITICAL,Climate Value,Wallis And Futuna,0.0,"0.0 is a missing-data placeholder, not an observation; averaging it yields 37.60 against a true mean of 77.83",Replace the placeholder with NULL before any aggregation; never impute silently.
DQX00183,DQ-001,PLACEHOLDER_ZERO,TIER 1,CRITICAL,Climate Value,Western Sahara,0.0,"0.0 is a missing-data placeholder, not an observation; averaging it yields 37.60 against a true mean of 77.83",Replace the placeholder with NULL before any aggregation; never impute silently.
DQX00184,DQ-001,PLACEHOLDER_ZERO,TIER 1,CRITICAL,Climate Value,Yemen,0.0,"0.0 is a missing-data placeholder, not an observation; averaging it yields 37.60 against a true mean of 77.83",Replace the placeholder with NULL before any aggregation; never impute silently.
DQX00185,DQ-001,PLACEHOLDER_ZERO,TIER 1,CRITICAL,Climate Value,Zambia,0.0,"0.0 is a missing-data placeholder, not an observation; averaging it yields 37.60 against a true mean of 77.83",Replace the placeholder with NULL before any aggregation; never impute silently.
DQX00186,DQ-001,PLACEHOLDER_ZERO,TIER 1,CRITICAL,Cost of Living Value,Alderney,0.0,"0.0 is a missing-data placeholder, not an observation; averaging it yields 37.53 against a true mean of 46.37",Replace the placeholder with NULL before any aggregation; never impute silently.
DQX00187,DQ-001,PLACEHOLDER_ZERO,TIER 1,CRITICAL,Cost of Living Value,American Samoa,0.0,"0.0 is a missing-data placeholder, not an observation; averaging it yields 37.53 against a true mean of 46.37",Replace the placeholder with NULL before any aggregation; never impute silently.
DQX00188,DQ-001,PLACEHOLDER_ZERO,TIER 1,CRITICAL,Cost of Living Value,Anguilla,0.0,"0.0 is a missing-data placeholder, not an observation; averaging it yields 37.53 against a true mean of 46.37",Replace the placeholder with NULL before any aggregation; never impute silently.
DQX00189,DQ-001,PLACEHOLDER_ZERO,TIER 1,CRITICAL,Cost of Living Value,Antigua And Barbuda,0.0,"0.0 is a missing-data placeholder, not an observation; averaging it yields 37.53 against a true mean of 46.37",Replace the placeholder with NULL before any aggregation; never impute silently.
DQX00190,DQ-001,PLACEHOLDER_ZERO,TIER 1,CRITICAL,Cost of Living Value,Belize,0.0,"0.0 is a missing-data placeholder, not an observation; averaging it yields 37.53 against a true mean of 46.37",Replace the placeholder with NULL before any aggregation; never impute silently.
DQX00191,DQ-001,PLACEHOLDER_ZERO,TIER 1,CRITICAL,Cost of Living Value,Benin,0.0,"0.0 is a missing-data placeholder, not an observation; averaging it yields 37.53 against a true mean of 46.37",Replace the placeholder with NULL before any aggregation; never impute silently.
DQX00192,DQ-001,PLACEHOLDER_ZERO,TIER 1,CRITICAL,Cost of Living Value,Bonaire,0.0,"0.0 is a missing-data placeholder, not an observation; averaging it yields 37.53 against a true mean of 46.37",Replace the placeholder with NULL before any aggregation; never impute silently.
DQX00193,DQ-001,PLACEHOLDER_ZERO,TIER 1,CRITICAL,Cost of Living Value,British Virgin Islands,0.0,"0.0 is a missing-data placeholder, not an observation; averaging it yields 37.53 against a true mean of 46.37",Replace the placeholder with NULL before any aggregation; never impute silently.
DQX00194,DQ-001,PLACEHOLDER_ZERO,TIER 1,CRITICAL,Cost of Living Value,Burkina Faso,0.0,"0.0 is a missing-data placeholder, not an observation; averaging it yields 37.53 against a true mean of 46.37",Replace the placeholder with NULL before any aggregation; never impute silently.
DQX00195,DQ-001,PLACEHOLDER_ZERO,TIER 1,CRITICAL,Cost of Living Value,Burundi,0.0,"0.0 is a missing-data placeholder, not an observation; averaging it yields 37.53 against a true mean of 46.37",Replace the placeholder with NULL before any aggregation; never impute silently.
DQX00196,DQ-001,PLACEHOLDER_ZERO,TIER 1,CRITICAL,Cost of Living Value,Central African Republic,0.0,"0.0 is a missing-data placeholder, not an observation; averaging it yields 37.53 against a true mean of 46.37",Replace the placeholder with NULL before any aggregation; never impute silently.
DQX00197,DQ-001,PLACEHOLDER_ZERO,TIER 1,CRITICAL,Cost of Living Value,Cook Islands,0.0,"0.0 is a missing-data placeholder, not an observation; averaging it yields 37.53 against a true mean of 46.37",Replace the placeholder with NULL before any aggregation; never impute silently.
DQX00198,DQ-001,PLACEHOLDER_ZERO,TIER 1,CRITICAL,Cost of Living Value,Curacao,0.0,"0.0 is a missing-data placeholder, not an observation; averaging it yields 37.53 against a true mean of 46.37",Replace the placeholder with NULL before any aggregation; never impute silently.
DQX00199,DQ-001,PLACEHOLDER_ZERO,TIER 1,CRITICAL,Cost of Living Value,Falkland Islands,0.0,"0.0 is a missing-data placeholder, not an observation; averaging it yields 37.53 against a true mean of 46.37",Replace the placeholder with NULL before any aggregation; never impute silently.
DQX00200,DQ-001,PLACEHOLDER_ZERO,TIER 1,CRITICAL,Cost of Living Value,Faroe Islands,0.0,"0.0 is a missing-data placeholder, not an observation; averaging it yields 37.53 against a true mean of 46.37",Replace the placeholder with NULL before any aggregation; never impute silently.
DQX00201,DQ-001,PLACEHOLDER_ZERO,TIER 1,CRITICAL,Cost of Living Value,French Guiana,0.0,"0.0 is a missing-data placeholder, not an observation; averaging it yields 37.53 against a true mean of 46.37",Replace the placeholder with NULL before any aggregation; never impute silently.
DQX00202,DQ-001,PLACEHOLDER_ZERO,TIER 1,CRITICAL,Cost of Living Value,French Polynesia,0.0,"0.0 is a missing-data placeholder, not an observation; averaging it yields 37.53 against a true mean of 46.37",Replace the placeholder with NULL before any aggregation; never impute silently.
DQX00203,DQ-001,PLACEHOLDER_ZERO,TIER 1,CRITICAL,Cost of Living Value,French Southern Territories,0.0,"0.0 is a missing-data placeholder, not an observation; averaging it yields 37.53 against a true mean of 46.37",Replace the placeholder with NULL before any aggregation; never impute silently.
DQX00204,DQ-001,PLACEHOLDER_ZERO,TIER 1,CRITICAL,Cost of Living Value,Guam,0.0,"0.0 is a missing-data placeholder, not an observation; averaging it yields 37.53 against a true mean of 46.37",Replace the placeholder with NULL before any aggregation; never impute silently.
DQX00205,DQ-001,PLACEHOLDER_ZERO,TIER 1,CRITICAL,Cost of Living Value,Guinea,0.0,"0.0 is a missing-data placeholder, not an observation; averaging it yields 37.53 against a true mean of 46.37",Replace the placeholder with NULL before any aggregation; never impute silently.
DQX00206,DQ-001,PLACEHOLDER_ZERO,TIER 1,CRITICAL,Cost of Living Value,Lesotho,0.0,"0.0 is a missing-data placeholder, not an observation; averaging it yields 37.53 against a true mean of 46.37",Replace the placeholder with NULL before any aggregation; never impute silently.
DQX00207,DQ-001,PLACEHOLDER_ZERO,TIER 1,CRITICAL,Cost of Living Value,Mali,0.0,"0.0 is a missing-data placeholder, not an observation; averaging it yields 37.53 against a true mean of 46.37",Replace the placeholder with NULL before any aggregation; never impute silently.
DQX00208,DQ-001,PLACEHOLDER_ZERO,TIER 1,CRITICAL,Cost of Living Value,Marshall Islands,0.0,"0.0 is a missing-data placeholder, not an observation; averaging it yields 37.53 against a true mean of 46.37",Replace the placeholder with NULL before any aggregation; never impute silently.
DQX00209,DQ-001,PLACEHOLDER_ZERO,TIER 1,CRITICAL,Cost of Living Value,Montserrat,0.0,"0.0 is a missing-data placeholder, not an observation; averaging it yields 37.53 against a true mean of 46.37",Replace the placeholder with NULL before any aggregation; never impute silently.
DQX00210,DQ-001,PLACEHOLDER_ZERO,TIER 1,CRITICAL,Cost of Living Value,Nauru,0.0,"0.0 is a missing-data placeholder, not an observation; averaging it yields 37.53 against a true mean of 46.37",Replace the placeholder with NULL before any aggregation; never impute silently.
DQX00211,DQ-001,PLACEHOLDER_ZERO,TIER 1,CRITICAL,Cost of Living Value,Niue,0.0,"0.0 is a missing-data placeholder, not an observation; averaging it yields 37.53 against a true mean of 46.37",Replace the placeholder with NULL before any aggregation; never impute silently.
DQX00212,DQ-001,PLACEHOLDER_ZERO,TIER 1,CRITICAL,Cost of Living Value,Northern Mariana Islands,0.0,"0.0 is a missing-data placeholder, not an observation; averaging it yields 37.53 against a true mean of 46.37",Replace the placeholder with NULL before any aggregation; never impute silently.
DQX00213,DQ-001,PLACEHOLDER_ZERO,TIER 1,CRITICAL,Cost of Living Value,Palau,0.0,"0.0 is a missing-data placeholder, not an observation; averaging it yields 37.53 against a true mean of 46.37",Replace the placeholder with NULL before any aggregation; never impute silently.
DQX00214,DQ-001,PLACEHOLDER_ZERO,TIER 1,CRITICAL,Cost of Living Value,Saint Helena,0.0,"0.0 is a missing-data placeholder, not an observation; averaging it yields 37.53 against a true mean of 46.37",Replace the placeholder with NULL before any aggregation; never impute silently.
DQX00215,DQ-001,PLACEHOLDER_ZERO,TIER 1,CRITICAL,Cost of Living Value,Saint Kitts And Nevis,0.0,"0.0 is a missing-data placeholder, not an observation; averaging it yields 37.53 against a true mean of 46.37",Replace the placeholder with NULL before any aggregation; never impute silently.
DQX00216,DQ-001,PLACEHOLDER_ZERO,TIER 1,CRITICAL,Cost of Living Value,Saint Lucia,0.0,"0.0 is a missing-data placeholder, not an observation; averaging it yields 37.53 against a true mean of 46.37",Replace the placeholder with NULL before any aggregation; never impute silently.
DQX00217,DQ-001,PLACEHOLDER_ZERO,TIER 1,CRITICAL,Cost of Living Value,Saint-Pierre And Miquelon,0.0,"0.0 is a missing-data placeholder, not an observation; averaging it yields 37.53 against a true mean of 46.37",Replace the placeholder with NULL before any aggregation; never impute silently.
DQX00218,DQ-001,PLACEHOLDER_ZERO,TIER 1,CRITICAL,Cost of Living Value,Samoa,0.0,"0.0 is a missing-data placeholder, not an observation; averaging it yields 37.53 against a true mean of 46.37",Replace the placeholder with NULL before any aggregation; never impute silently.
DQX00219,DQ-001,PLACEHOLDER_ZERO,TIER 1,CRITICAL,Cost of Living Value,San Marino,0.0,"0.0 is a missing-data placeholder, not an observation; averaging it yields 37.53 against a true mean of 46.37",Replace the placeholder with NULL before any aggregation; never impute silently.
DQX00220,DQ-001,PLACEHOLDER_ZERO,TIER 1,CRITICAL,Cost of Living Value,Sao Tome And Principe,0.0,"0.0 is a missing-data placeholder, not an observation; averaging it yields 37.53 against a true mean of 46.37",Replace the placeholder with NULL before any aggregation; never impute silently.
DQX00221,DQ-001,PLACEHOLDER_ZERO,TIER 1,CRITICAL,Cost of Living Value,Sierra Leone,0.0,"0.0 is a missing-data placeholder, not an observation; averaging it yields 37.53 against a true mean of 46.37",Replace the placeholder with NULL before any aggregation; never impute silently.
DQX00222,DQ-001,PLACEHOLDER_ZERO,TIER 1,CRITICAL,Cost of Living Value,South Sudan,0.0,"0.0 is a missing-data placeholder, not an observation; averaging it yields 37.53 against a true mean of 46.37",Replace the placeholder with NULL before any aggregation; never impute silently.
DQX00223,DQ-001,PLACEHOLDER_ZERO,TIER 1,CRITICAL,Cost of Living Value,Sudan,0.0,"0.0 is a missing-data placeholder, not an observation; averaging it yields 37.53 against a true mean of 46.37",Replace the placeholder with NULL before any aggregation; never impute silently.
DQX00224,DQ-001,PLACEHOLDER_ZERO,TIER 1,CRITICAL,Cost of Living Value,Turkmenistan,0.0,"0.0 is a missing-data placeholder, not an observation; averaging it yields 37.53 against a true mean of 46.37",Replace the placeholder with NULL before any aggregation; never impute silently.
DQX00225,DQ-001,PLACEHOLDER_ZERO,TIER 1,CRITICAL,Cost of Living Value,Turks And Caicos Islands,0.0,"0.0 is a missing-data placeholder, not an observation; averaging it yields 37.53 against a true mean of 46.37",Replace the placeholder with NULL before any aggregation; never impute silently.
DQX00226,DQ-001,PLACEHOLDER_ZERO,TIER 1,CRITICAL,Cost of Living Value,Tuvalu,0.0,"0.0 is a missing-data placeholder, not an observation; averaging it yields 37.53 against a true mean of 46.37",Replace the placeholder with NULL before any aggregation; never impute silently.
DQX00227,DQ-001,PLACEHOLDER_ZERO,TIER 1,CRITICAL,Cost of Living Value,Vanuatu,0.0,"0.0 is a missing-data placeholder, not an observation; averaging it yields 37.53 against a true mean of 46.37",Replace the placeholder with NULL before any aggregation; never impute silently.
DQX00228,DQ-001,PLACEHOLDER_ZERO,TIER 1,CRITICAL,Cost of Living Value,Vatican City,0.0,"0.0 is a missing-data placeholder, not an observation; averaging it yields 37.53 against a true mean of 46.37",Replace the placeholder with NULL before any aggregation; never impute silently.
DQX00229,DQ-001,PLACEHOLDER_ZERO,TIER 1,CRITICAL,Cost of Living Value,Wallis And Futuna,0.0,"0.0 is a missing-data placeholder, not an observation; averaging it yields 37.53 against a true mean of 46.37",Replace the placeholder with NULL before any aggregation; never impute silently.
DQX00230,DQ-001,PLACEHOLDER_ZERO,TIER 1,CRITICAL,Cost of Living Value,Western Sahara,0.0,"0.0 is a missing-data placeholder, not an observation; averaging it yields 37.53 against a true mean of 46.37",Replace the placeholder with NULL before any aggregation; never impute silently.
DQX00049,DQ-001,PLACEHOLDER_ZERO,TIER 1,CRITICAL,Health Care Value,American Samoa,0.0,"0.0 is a missing-data placeholder, not an observation; averaging it yields 54.73 against a true mean of 58.45",Replace the placeholder with NULL before any aggregation; never impute silently.
DQX00050,DQ-001,PLACEHOLDER_ZERO,TIER 1,CRITICAL,Health Care Value,Bonaire,0.0,"0.0 is a missing-data placeholder, not an observation; averaging it yields 54.73 against a true mean of 58.45",Replace the placeholder with NULL before any aggregation; never impute silently.
DQX00051,DQ-001,PLACEHOLDER_ZERO,TIER 1,CRITICAL,Health Care Value,British Virgin Islands,0.0,"0.0 is a missing-data placeholder, not an observation; averaging it yields 54.73 against a true mean of 58.45",Replace the placeholder with NULL before any aggregation; never impute silently.
DQX00052,DQ-001,PLACEHOLDER_ZERO,TIER 1,CRITICAL,Health Care Value,Comoros,0.0,"0.0 is a missing-data placeholder, not an observation; averaging it yields 54.73 against a true mean of 58.45",Replace the placeholder with NULL before any aggregation; never impute silently.
DQX00053,DQ-001,PLACEHOLDER_ZERO,TIER 1,CRITICAL,Health Care Value,Cook Islands,0.0,"0.0 is a missing-data placeholder, not an observation; averaging it yields 54.73 against a true mean of 58.45",Replace the placeholder with NULL before any aggregation; never impute silently.
DQX00054,DQ-001,PLACEHOLDER_ZERO,TIER 1,CRITICAL,Health Care Value,Djibouti,0.0,"0.0 is a missing-data placeholder, not an observation; averaging it yields 54.73 against a true mean of 58.45",Replace the placeholder with NULL before any aggregation; never impute silently.
DQX00055,DQ-001,PLACEHOLDER_ZERO,TIER 1,CRITICAL,Health Care Value,Falkland Islands,0.0,"0.0 is a missing-data placeholder, not an observation; averaging it yields 54.73 against a true mean of 58.45",Replace the placeholder with NULL before any aggregation; never impute silently.
DQX00056,DQ-001,PLACEHOLDER_ZERO,TIER 1,CRITICAL,Health Care Value,Marshall Islands,0.0,"0.0 is a missing-data placeholder, not an observation; averaging it yields 54.73 against a true mean of 58.45",Replace the placeholder with NULL before any aggregation; never impute silently.
DQX00057,DQ-001,PLACEHOLDER_ZERO,TIER 1,CRITICAL,Health Care Value,Montserrat,0.0,"0.0 is a missing-data placeholder, not an observation; averaging it yields 54.73 against a true mean of 58.45",Replace the placeholder with NULL before any aggregation; never impute silently.
DQX00058,DQ-001,PLACEHOLDER_ZERO,TIER 1,CRITICAL,Health Care Value,Nauru,0.0,"0.0 is a missing-data placeholder, not an observation; averaging it yields 54.73 against a true mean of 58.45",Replace the placeholder with NULL before any aggregation; never impute silently.
DQX00059,DQ-001,PLACEHOLDER_ZERO,TIER 1,CRITICAL,Health Care Value,Niue,0.0,"0.0 is a missing-data placeholder, not an observation; averaging it yields 54.73 against a true mean of 58.45",Replace the placeholder with NULL before any aggregation; never impute silently.
DQX00060,DQ-001,PLACEHOLDER_ZERO,TIER 1,CRITICAL,Health Care Value,Palau,0.0,"0.0 is a missing-data placeholder, not an observation; averaging it yields 54.73 against a true mean of 58.45",Replace the placeholder with NULL before any aggregation; never impute silently.
DQX00061,DQ-001,PLACEHOLDER_ZERO,TIER 1,CRITICAL,Health Care Value,Saint-Pierre And Miquelon,0.0,"0.0 is a missing-data placeholder, not an observation; averaging it yields 54.73 against a true mean of 58.45",Replace the placeholder with NULL before any aggregation; never impute silently.
DQX00062,DQ-001,PLACEHOLDER_ZERO,TIER 1,CRITICAL,Health Care Value,Wallis And Futuna,0.0,"0.0 is a missing-data placeholder, not an observation; averaging it yields 54.73 against a true mean of 58.45",Replace the placeholder with NULL before any aggregation; never impute silently.
DQX00063,DQ-001,PLACEHOLDER_ZERO,TIER 1,CRITICAL,Health Care Value,Western Sahara,0.0,"0.0 is a missing-data placeholder, not an observation; averaging it yields 54.73 against a true mean of 58.45",Replace the placeholder with NULL before any aggregation; never impute silently.
DQX00287,DQ-001,PLACEHOLDER_ZERO,TIER 1,CRITICAL,Pollution Value,Anguilla,0.0,"0.0 is a missing-data placeholder, not an observation; averaging it yields 54.27 against a true mean of 56.92",Replace the placeholder with NULL before any aggregation; never impute silently.
DQX00288,DQ-001,PLACEHOLDER_ZERO,TIER 1,CRITICAL,Pollution Value,Bonaire,0.0,"0.0 is a missing-data placeholder, not an observation; averaging it yields 54.27 against a true mean of 56.92",Replace the placeholder with NULL before any aggregation; never impute silently.
DQX00289,DQ-001,PLACEHOLDER_ZERO,TIER 1,CRITICAL,Pollution Value,Burkina Faso,0.0,"0.0 is a missing-data placeholder, not an observation; averaging it yields 54.27 against a true mean of 56.92",Replace the placeholder with NULL before any aggregation; never impute silently.
DQX00290,DQ-001,PLACEHOLDER_ZERO,TIER 1,CRITICAL,Pollution Value,Comoros,0.0,"0.0 is a missing-data placeholder, not an observation; averaging it yields 54.27 against a true mean of 56.92",Replace the placeholder with NULL before any aggregation; never impute silently.
DQX00291,DQ-001,PLACEHOLDER_ZERO,TIER 1,CRITICAL,Pollution Value,Guinea-Bissau,0.0,"0.0 is a missing-data placeholder, not an observation; averaging it yields 54.27 against a true mean of 56.92",Replace the placeholder with NULL before any aggregation; never impute silently.
DQX00292,DQ-001,PLACEHOLDER_ZERO,TIER 1,CRITICAL,Pollution Value,Montserrat,0.0,"0.0 is a missing-data placeholder, not an observation; averaging it yields 54.27 against a true mean of 56.92",Replace the placeholder with NULL before any aggregation; never impute silently.
DQX00293,DQ-001,PLACEHOLDER_ZERO,TIER 1,CRITICAL,Pollution Value,Saint Vincent And The Grenadines,0.0,"0.0 is a missing-data placeholder, not an observation; averaging it yields 54.27 against a true mean of 56.92",Replace the placeholder with NULL before any aggregation; never impute silently.
DQX00294,DQ-001,PLACEHOLDER_ZERO,TIER 1,CRITICAL,Pollution Value,Tonga,0.0,"0.0 is a missing-data placeholder, not an observation; averaging it yields 54.27 against a true mean of 56.92",Replace the placeholder with NULL before any aggregation; never impute silently.
DQX00295,DQ-001,PLACEHOLDER_ZERO,TIER 1,CRITICAL,Pollution Value,Tuvalu,0.0,"0.0 is a missing-data placeholder, not an observation; averaging it yields 54.27 against a true mean of 56.92",Replace the placeholder with NULL before any aggregation; never impute silently.
DQX00296,DQ-001,PLACEHOLDER_ZERO,TIER 1,CRITICAL,Pollution Value,Wallis And Futuna,0.0,"0.0 is a missing-data placeholder, not an observation; averaging it yields 54.27 against a true mean of 56.92",Replace the placeholder with NULL before any aggregation; never impute silently.
DQX00297,DQ-001,PLACEHOLDER_ZERO,TIER 1,CRITICAL,Pollution Value,Western Sahara,0.0,"0.0 is a missing-data placeholder, not an observation; averaging it yields 54.27 against a true mean of 56.92",Replace the placeholder with NULL before any aggregation; never impute silently.
DQX00231,DQ-001,PLACEHOLDER_ZERO,TIER 1,CRITICAL,Property Price to Income Value,Alderney,0.0,"0.0 is a missing-data placeholder, not an observation; averaging it yields 42.46 against a true mean of 46.83",Replace the placeholder with NULL before any aggregation; never impute silently.
DQX00232,DQ-001,PLACEHOLDER_ZERO,TIER 1,CRITICAL,Property Price to Income Value,American Samoa,0.0,"0.0 is a missing-data placeholder, not an observation; averaging it yields 42.46 against a true mean of 46.83",Replace the placeholder with NULL before any aggregation; never impute silently.
DQX00233,DQ-001,PLACEHOLDER_ZERO,TIER 1,CRITICAL,Property Price to Income Value,Antigua And Barbuda,0.0,"0.0 is a missing-data placeholder, not an observation; averaging it yields 42.46 against a true mean of 46.83",Replace the placeholder with NULL before any aggregation; never impute silently.
DQX00234,DQ-001,PLACEHOLDER_ZERO,TIER 1,CRITICAL,Property Price to Income Value,Benin,0.0,"0.0 is a missing-data placeholder, not an observation; averaging it yields 42.46 against a true mean of 46.83",Replace the placeholder with NULL before any aggregation; never impute silently.
DQX00235,DQ-001,PLACEHOLDER_ZERO,TIER 1,CRITICAL,Property Price to Income Value,Bonaire,0.0,"0.0 is a missing-data placeholder, not an observation; averaging it yields 42.46 against a true mean of 46.83",Replace the placeholder with NULL before any aggregation; never impute silently.
DQX00236,DQ-001,PLACEHOLDER_ZERO,TIER 1,CRITICAL,Property Price to Income Value,British Virgin Islands,0.0,"0.0 is a missing-data placeholder, not an observation; averaging it yields 42.46 against a true mean of 46.83",Replace the placeholder with NULL before any aggregation; never impute silently.
DQX00237,DQ-001,PLACEHOLDER_ZERO,TIER 1,CRITICAL,Property Price to Income Value,Cook Islands,0.0,"0.0 is a missing-data placeholder, not an observation; averaging it yields 42.46 against a true mean of 46.83",Replace the placeholder with NULL before any aggregation; never impute silently.
DQX00238,DQ-001,PLACEHOLDER_ZERO,TIER 1,CRITICAL,Property Price to Income Value,Curacao,0.0,"0.0 is a missing-data placeholder, not an observation; averaging it yields 42.46 against a true mean of 46.83",Replace the placeholder with NULL before any aggregation; never impute silently.
DQX00239,DQ-001,PLACEHOLDER_ZERO,TIER 1,CRITICAL,Property Price to Income Value,Falkland Islands,0.0,"0.0 is a missing-data placeholder, not an observation; averaging it yields 42.46 against a true mean of 46.83",Replace the placeholder with NULL before any aggregation; never impute silently.
DQX00240,DQ-001,PLACEHOLDER_ZERO,TIER 1,CRITICAL,Property Price to Income Value,French Southern Territories,0.0,"0.0 is a missing-data placeholder, not an observation; averaging it yields 42.46 against a true mean of 46.83",Replace the placeholder with NULL before any aggregation; never impute silently.
DQX00241,DQ-001,PLACEHOLDER_ZERO,TIER 1,CRITICAL,Property Price to Income Value,Guam,0.0,"0.0 is a missing-data placeholder, not an observation; averaging it yields 42.46 against a true mean of 46.83",Replace the placeholder with NULL before any aggregation; never impute silently.
DQX00242,DQ-001,PLACEHOLDER_ZERO,TIER 1,CRITICAL,Property Price to Income Value,Kiribati,0.0,"0.0 is a missing-data placeholder, not an observation; averaging it yields 42.46 against a true mean of 46.83",Replace the placeholder with NULL before any aggregation; never impute silently.
DQX00243,DQ-001,PLACEHOLDER_ZERO,TIER 1,CRITICAL,Property Price to Income Value,Marshall Islands,0.0,"0.0 is a missing-data placeholder, not an observation; averaging it yields 42.46 against a true mean of 46.83",Replace the placeholder with NULL before any aggregation; never impute silently.
DQX00244,DQ-001,PLACEHOLDER_ZERO,TIER 1,CRITICAL,Property Price to Income Value,Montserrat,0.0,"0.0 is a missing-data placeholder, not an observation; averaging it yields 42.46 against a true mean of 46.83",Replace the placeholder with NULL before any aggregation; never impute silently.
DQX00245,DQ-001,PLACEHOLDER_ZERO,TIER 1,CRITICAL,Property Price to Income Value,Nauru,0.0,"0.0 is a missing-data placeholder, not an observation; averaging it yields 42.46 against a true mean of 46.83",Replace the placeholder with NULL before any aggregation; never impute silently.
DQX00246,DQ-001,PLACEHOLDER_ZERO,TIER 1,CRITICAL,Property Price to Income Value,Niue,0.0,"0.0 is a missing-data placeholder, not an observation; averaging it yields 42.46 against a true mean of 46.83",Replace the placeholder with NULL before any aggregation; never impute silently.
DQX00247,DQ-001,PLACEHOLDER_ZERO,TIER 1,CRITICAL,Property Price to Income Value,Saint Helena,0.0,"0.0 is a missing-data placeholder, not an observation; averaging it yields 42.46 against a true mean of 46.83",Replace the placeholder with NULL before any aggregation; never impute silently.
DQX00248,DQ-001,PLACEHOLDER_ZERO,TIER 1,CRITICAL,Property Price to Income Value,Saint-Pierre And Miquelon,0.0,"0.0 is a missing-data placeholder, not an observation; averaging it yields 42.46 against a true mean of 46.83",Replace the placeholder with NULL before any aggregation; never impute silently.
DQX00249,DQ-001,PLACEHOLDER_ZERO,TIER 1,CRITICAL,Property Price to Income Value,Sao Tome And Principe,0.0,"0.0 is a missing-data placeholder, not an observation; averaging it yields 42.46 against a true mean of 46.83",Replace the placeholder with NULL before any aggregation; never impute silently.
DQX00250,DQ-001,PLACEHOLDER_ZERO,TIER 1,CRITICAL,Property Price to Income Value,Turks And Caicos Islands,0.0,"0.0 is a missing-data placeholder, not an observation; averaging it yields 42.46 against a true mean of 46.83",Replace the placeholder with NULL before any aggregation; never impute silently.
DQX00251,DQ-001,PLACEHOLDER_ZERO,TIER 1,CRITICAL,Property Price to Income Value,Vatican City,0.0,"0.0 is a missing-data placeholder, not an observation; averaging it yields 42.46 against a true mean of 46.83",Replace the placeholder with NULL before any aggregation; never impute silently.
DQX00252,DQ-001,PLACEHOLDER_ZERO,TIER 1,CRITICAL,Property Price to Income Value,Wallis And Futuna,0.0,"0.0 is a missing-data placeholder, not an observation; averaging it yields 42.46 against a true mean of 46.83",Replace the placeholder with NULL before any aggregation; never impute silently.
DQX00001,DQ-001,PLACEHOLDER_ZERO,TIER 1,CRITICAL,Purchasing Power Value,Alderney,0.0,"0.0 is a missing-data placeholder, not an observation; averaging it yields 55.57 against a true mean of 69.03",Replace the placeholder with NULL before any aggregation; never impute silently.
DQX00002,DQ-001,PLACEHOLDER_ZERO,TIER 1,CRITICAL,Purchasing Power Value,American Samoa,0.0,"0.0 is a missing-data placeholder, not an observation; averaging it yields 55.57 against a true mean of 69.03",Replace the placeholder with NULL before any aggregation; never impute silently.
DQX00003,DQ-001,PLACEHOLDER_ZERO,TIER 1,CRITICAL,Purchasing Power Value,Anguilla,0.0,"0.0 is a missing-data placeholder, not an observation; averaging it yields 55.57 against a true mean of 69.03",Replace the placeholder with NULL before any aggregation; never impute silently.
DQX00004,DQ-001,PLACEHOLDER_ZERO,TIER 1,CRITICAL,Purchasing Power Value,Antigua And Barbuda,0.0,"0.0 is a missing-data placeholder, not an observation; averaging it yields 55.57 against a true mean of 69.03",Replace the placeholder with NULL before any aggregation; never impute silently.
DQX00005,DQ-001,PLACEHOLDER_ZERO,TIER 1,CRITICAL,Purchasing Power Value,Belize,0.0,"0.0 is a missing-data placeholder, not an observation; averaging it yields 55.57 against a true mean of 69.03",Replace the placeholder with NULL before any aggregation; never impute silently.
DQX00006,DQ-001,PLACEHOLDER_ZERO,TIER 1,CRITICAL,Purchasing Power Value,Benin,0.0,"0.0 is a missing-data placeholder, not an observation; averaging it yields 55.57 against a true mean of 69.03",Replace the placeholder with NULL before any aggregation; never impute silently.
DQX00007,DQ-001,PLACEHOLDER_ZERO,TIER 1,CRITICAL,Purchasing Power Value,Bonaire,0.0,"0.0 is a missing-data placeholder, not an observation; averaging it yields 55.57 against a true mean of 69.03",Replace the placeholder with NULL before any aggregation; never impute silently.
DQX00008,DQ-001,PLACEHOLDER_ZERO,TIER 1,CRITICAL,Purchasing Power Value,British Virgin Islands,0.0,"0.0 is a missing-data placeholder, not an observation; averaging it yields 55.57 against a true mean of 69.03",Replace the placeholder with NULL before any aggregation; never impute silently.
DQX00009,DQ-001,PLACEHOLDER_ZERO,TIER 1,CRITICAL,Purchasing Power Value,Burkina Faso,0.0,"0.0 is a missing-data placeholder, not an observation; averaging it yields 55.57 against a true mean of 69.03",Replace the placeholder with NULL before any aggregation; never impute silently.
DQX00010,DQ-001,PLACEHOLDER_ZERO,TIER 1,CRITICAL,Purchasing Power Value,Burundi,0.0,"0.0 is a missing-data placeholder, not an observation; averaging it yields 55.57 against a true mean of 69.03",Replace the placeholder with NULL before any aggregation; never impute silently.
DQX00011,DQ-001,PLACEHOLDER_ZERO,TIER 1,CRITICAL,Purchasing Power Value,Central African Republic,0.0,"0.0 is a missing-data placeholder, not an observation; averaging it yields 55.57 against a true mean of 69.03",Replace the placeholder with NULL before any aggregation; never impute silently.
DQX00012,DQ-001,PLACEHOLDER_ZERO,TIER 1,CRITICAL,Purchasing Power Value,Cook Islands,0.0,"0.0 is a missing-data placeholder, not an observation; averaging it yields 55.57 against a true mean of 69.03",Replace the placeholder with NULL before any aggregation; never impute silently.
DQX00013,DQ-001,PLACEHOLDER_ZERO,TIER 1,CRITICAL,Purchasing Power Value,Curacao,0.0,"0.0 is a missing-data placeholder, not an observation; averaging it yields 55.57 against a true mean of 69.03",Replace the placeholder with NULL before any aggregation; never impute silently.
DQX00014,DQ-001,PLACEHOLDER_ZERO,TIER 1,CRITICAL,Purchasing Power Value,Falkland Islands,0.0,"0.0 is a missing-data placeholder, not an observation; averaging it yields 55.57 against a true mean of 69.03",Replace the placeholder with NULL before any aggregation; never impute silently.
DQX00015,DQ-001,PLACEHOLDER_ZERO,TIER 1,CRITICAL,Purchasing Power Value,Faroe Islands,0.0,"0.0 is a missing-data placeholder, not an observation; averaging it yields 55.57 against a true mean of 69.03",Replace the placeholder with NULL before any aggregation; never impute silently.
DQX00016,DQ-001,PLACEHOLDER_ZERO,TIER 1,CRITICAL,Purchasing Power Value,French Guiana,0.0,"0.0 is a missing-data placeholder, not an observation; averaging it yields 55.57 against a true mean of 69.03",Replace the placeholder with NULL before any aggregation; never impute silently.
DQX00017,DQ-001,PLACEHOLDER_ZERO,TIER 1,CRITICAL,Purchasing Power Value,French Polynesia,0.0,"0.0 is a missing-data placeholder, not an observation; averaging it yields 55.57 against a true mean of 69.03",Replace the placeholder with NULL before any aggregation; never impute silently.
DQX00018,DQ-001,PLACEHOLDER_ZERO,TIER 1,CRITICAL,Purchasing Power Value,French Southern Territories,0.0,"0.0 is a missing-data placeholder, not an observation; averaging it yields 55.57 against a true mean of 69.03",Replace the placeholder with NULL before any aggregation; never impute silently.
DQX00019,DQ-001,PLACEHOLDER_ZERO,TIER 1,CRITICAL,Purchasing Power Value,Guam,0.0,"0.0 is a missing-data placeholder, not an observation; averaging it yields 55.57 against a true mean of 69.03",Replace the placeholder with NULL before any aggregation; never impute silently.
DQX00020,DQ-001,PLACEHOLDER_ZERO,TIER 1,CRITICAL,Purchasing Power Value,Guinea,0.0,"0.0 is a missing-data placeholder, not an observation; averaging it yields 55.57 against a true mean of 69.03",Replace the placeholder with NULL before any aggregation; never impute silently.
DQX00021,DQ-001,PLACEHOLDER_ZERO,TIER 1,CRITICAL,Purchasing Power Value,Lesotho,0.0,"0.0 is a missing-data placeholder, not an observation; averaging it yields 55.57 against a true mean of 69.03",Replace the placeholder with NULL before any aggregation; never impute silently.
DQX00022,DQ-001,PLACEHOLDER_ZERO,TIER 1,CRITICAL,Purchasing Power Value,Mali,0.0,"0.0 is a missing-data placeholder, not an observation; averaging it yields 55.57 against a true mean of 69.03",Replace the placeholder with NULL before any aggregation; never impute silently.
DQX00023,DQ-001,PLACEHOLDER_ZERO,TIER 1,CRITICAL,Purchasing Power Value,Marshall Islands,0.0,"0.0 is a missing-data placeholder, not an observation; averaging it yields 55.57 against a true mean of 69.03",Replace the placeholder with NULL before any aggregation; never impute silently.
DQX00024,DQ-001,PLACEHOLDER_ZERO,TIER 1,CRITICAL,Purchasing Power Value,Montserrat,0.0,"0.0 is a missing-data placeholder, not an observation; averaging it yields 55.57 against a true mean of 69.03",Replace the placeholder with NULL before any aggregation; never impute silently.
DQX00025,DQ-001,PLACEHOLDER_ZERO,TIER 1,CRITICAL,Purchasing Power Value,Nauru,0.0,"0.0 is a missing-data placeholder, not an observation; averaging it yields 55.57 against a true mean of 69.03",Replace the placeholder with NULL before any aggregation; never impute silently.
DQX00026,DQ-001,PLACEHOLDER_ZERO,TIER 1,CRITICAL,Purchasing Power Value,Niue,0.0,"0.0 is a missing-data placeholder, not an observation; averaging it yields 55.57 against a true mean of 69.03",Replace the placeholder with NULL before any aggregation; never impute silently.
DQX00027,DQ-001,PLACEHOLDER_ZERO,TIER 1,CRITICAL,Purchasing Power Value,Northern Mariana Islands,0.0,"0.0 is a missing-data placeholder, not an observation; averaging it yields 55.57 against a true mean of 69.03",Replace the placeholder with NULL before any aggregation; never impute silently.
DQX00028,DQ-001,PLACEHOLDER_ZERO,TIER 1,CRITICAL,Purchasing Power Value,Palau,0.0,"0.0 is a missing-data placeholder, not an observation; averaging it yields 55.57 against a true mean of 69.03",Replace the placeholder with NULL before any aggregation; never impute silently.
DQX00029,DQ-001,PLACEHOLDER_ZERO,TIER 1,CRITICAL,Purchasing Power Value,Saint Helena,0.0,"0.0 is a missing-data placeholder, not an observation; averaging it yields 55.57 against a true mean of 69.03",Replace the placeholder with NULL before any aggregation; never impute silently.
DQX00030,DQ-001,PLACEHOLDER_ZERO,TIER 1,CRITICAL,Purchasing Power Value,Saint Kitts And Nevis,0.0,"0.0 is a missing-data placeholder, not an observation; averaging it yields 55.57 against a true mean of 69.03",Replace the placeholder with NULL before any aggregation; never impute silently.
DQX00031,DQ-001,PLACEHOLDER_ZERO,TIER 1,CRITICAL,Purchasing Power Value,Saint Lucia,0.0,"0.0 is a missing-data placeholder, not an observation; averaging it yields 55.57 against a true mean of 69.03",Replace the placeholder with NULL before any aggregation; never impute silently.
DQX00032,DQ-001,PLACEHOLDER_ZERO,TIER 1,CRITICAL,Purchasing Power Value,Saint-Pierre And Miquelon,0.0,"0.0 is a missing-data placeholder, not an observation; averaging it yields 55.57 against a true mean of 69.03",Replace the placeholder with NULL before any aggregation; never impute silently.
DQX00033,DQ-001,PLACEHOLDER_ZERO,TIER 1,CRITICAL,Purchasing Power Value,Samoa,0.0,"0.0 is a missing-data placeholder, not an observation; averaging it yields 55.57 against a true mean of 69.03",Replace the placeholder with NULL before any aggregation; never impute silently.
DQX00034,DQ-001,PLACEHOLDER_ZERO,TIER 1,CRITICAL,Purchasing Power Value,San Marino,0.0,"0.0 is a missing-data placeholder, not an observation; averaging it yields 55.57 against a true mean of 69.03",Replace the placeholder with NULL before any aggregation; never impute silently.
DQX00035,DQ-001,PLACEHOLDER_ZERO,TIER 1,CRITICAL,Purchasing Power Value,Sao Tome And Principe,0.0,"0.0 is a missing-data placeholder, not an observation; averaging it yields 55.57 against a true mean of 69.03",Replace the placeholder with NULL before any aggregation; never impute silently.
DQX00036,DQ-001,PLACEHOLDER_ZERO,TIER 1,CRITICAL,Purchasing Power Value,Sierra Leone,0.0,"0.0 is a missing-data placeholder, not an observation; averaging it yields 55.57 against a true mean of 69.03",Replace the placeholder with NULL before any aggregation; never impute silently.
DQX00037,DQ-001,PLACEHOLDER_ZERO,TIER 1,CRITICAL,Purchasing Power Value,South Sudan,0.0,"0.0 is a missing-data placeholder, not an observation; averaging it yields 55.57 against a true mean of 69.03",Replace the placeholder with NULL before any aggregation; never impute silently.
DQX00038,DQ-001,PLACEHOLDER_ZERO,TIER 1,CRITICAL,Purchasing Power Value,Sudan,0.0,"0.0 is a missing-data placeholder, not an observation; averaging it yields 55.57 against a true mean of 69.03",Replace the placeholder with NULL before any aggregation; never impute silently.
DQX00039,DQ-001,PLACEHOLDER_ZERO,TIER 1,CRITICAL,Purchasing Power Value,Tonga,0.0,"0.0 is a missing-data placeholder, not an observation; averaging it yields 55.57 against a true mean of 69.03",Replace the placeholder with NULL before any aggregation; never impute silently.
DQX00040,DQ-001,PLACEHOLDER_ZERO,TIER 1,CRITICAL,Purchasing Power Value,Turkmenistan,0.0,"0.0 is a missing-data placeholder, not an observation; averaging it yields 55.57 against a true mean of 69.03",Replace the placeholder with NULL before any aggregation; never impute silently.
DQX00041,DQ-001,PLACEHOLDER_ZERO,TIER 1,CRITICAL,Purchasing Power Value,Turks And Caicos Islands,0.0,"0.0 is a missing-data placeholder, not an observation; averaging it yields 55.57 against a true mean of 69.03",Replace the placeholder with NULL before any aggregation; never impute silently.
DQX00042,DQ-001,PLACEHOLDER_ZERO,TIER 1,CRITICAL,Purchasing Power Value,Tuvalu,0.0,"0.0 is a missing-data placeholder, not an observation; averaging it yields 55.57 against a true mean of 69.03",Replace the placeholder with NULL before any aggregation; never impute silently.
DQX00043,DQ-001,PLACEHOLDER_ZERO,TIER 1,CRITICAL,Purchasing Power Value,Vanuatu,0.0,"0.0 is a missing-data placeholder, not an observation; averaging it yields 55.57 against a true mean of 69.03",Replace the placeholder with NULL before any aggregation; never impute silently.
DQX00044,DQ-001,PLACEHOLDER_ZERO,TIER 1,CRITICAL,Purchasing Power Value,Vatican City,0.0,"0.0 is a missing-data placeholder, not an observation; averaging it yields 55.57 against a true mean of 69.03",Replace the placeholder with NULL before any aggregation; never impute silently.
DQX00045,DQ-001,PLACEHOLDER_ZERO,TIER 1,CRITICAL,Purchasing Power Value,Wallis And Futuna,0.0,"0.0 is a missing-data placeholder, not an observation; averaging it yields 55.57 against a true mean of 69.03",Replace the placeholder with NULL before any aggregation; never impute silently.
DQX00046,DQ-001,PLACEHOLDER_ZERO,TIER 1,CRITICAL,Purchasing Power Value,Western Sahara,0.0,"0.0 is a missing-data placeholder, not an observation; averaging it yields 55.57 against a true mean of 69.03",Replace the placeholder with NULL before any aggregation; never impute silently.
DQX00298,DQ-001,PLACEHOLDER_ZERO,TIER 1,CRITICAL,Quality of Life Value,Afghanistan,0.0,"0.0 is a missing-data placeholder, not an observation; averaging it yields 63.47 against a true mean of 134.94",Replace the placeholder with NULL before any aggregation; never impute silently.
DQX00299,DQ-001,PLACEHOLDER_ZERO,TIER 1,CRITICAL,Quality of Life Value,Aland Islands,0.0,"0.0 is a missing-data placeholder, not an observation; averaging it yields 63.47 against a true mean of 134.94",Replace the placeholder with NULL before any aggregation; never impute silently.
DQX00300,DQ-001,PLACEHOLDER_ZERO,TIER 1,CRITICAL,Quality of Life Value,Alderney,0.0,"0.0 is a missing-data placeholder, not an observation; averaging it yields 63.47 against a true mean of 134.94",Replace the placeholder with NULL before any aggregation; never impute silently.
DQX00301,DQ-001,PLACEHOLDER_ZERO,TIER 1,CRITICAL,Quality of Life Value,American Samoa,0.0,"0.0 is a missing-data placeholder, not an observation; averaging it yields 63.47 against a true mean of 134.94",Replace the placeholder with NULL before any aggregation; never impute silently.
DQX00302,DQ-001,PLACEHOLDER_ZERO,TIER 1,CRITICAL,Quality of Life Value,Andorra,0.0,"0.0 is a missing-data placeholder, not an observation; averaging it yields 63.47 against a true mean of 134.94",Replace the placeholder with NULL before any aggregation; never impute silently.
DQX00303,DQ-001,PLACEHOLDER_ZERO,TIER 1,CRITICAL,Quality of Life Value,Angola,0.0,"0.0 is a missing-data placeholder, not an observation; averaging it yields 63.47 against a true mean of 134.94",Replace the placeholder with NULL before any aggregation; never impute silently.
DQX00304,DQ-001,PLACEHOLDER_ZERO,TIER 1,CRITICAL,Quality of Life Value,Anguilla,0.0,"0.0 is a missing-data placeholder, not an observation; averaging it yields 63.47 against a true mean of 134.94",Replace the placeholder with NULL before any aggregation; never impute silently.
DQX00305,DQ-001,PLACEHOLDER_ZERO,TIER 1,CRITICAL,Quality of Life Value,Antigua And Barbuda,0.0,"0.0 is a missing-data placeholder, not an observation; averaging it yields 63.47 against a true mean of 134.94",Replace the placeholder with NULL before any aggregation; never impute silently.
DQX00306,DQ-001,PLACEHOLDER_ZERO,TIER 1,CRITICAL,Quality of Life Value,Aruba,0.0,"0.0 is a missing-data placeholder, not an observation; averaging it yields 63.47 against a true mean of 134.94",Replace the placeholder with NULL before any aggregation; never impute silently.
DQX00307,DQ-001,PLACEHOLDER_ZERO,TIER 1,CRITICAL,Quality of Life Value,Bahamas,0.0,"0.0 is a missing-data placeholder, not an observation; averaging it yields 63.47 against a true mean of 134.94",Replace the placeholder with NULL before any aggregation; never impute silently.
DQX00308,DQ-001,PLACEHOLDER_ZERO,TIER 1,CRITICAL,Quality of Life Value,Barbados,0.0,"0.0 is a missing-data placeholder, not an observation; averaging it yields 63.47 against a true mean of 134.94",Replace the placeholder with NULL before any aggregation; never impute silently.
DQX00309,DQ-001,PLACEHOLDER_ZERO,TIER 1,CRITICAL,Quality of Life Value,Belize,0.0,"0.0 is a missing-data placeholder, not an observation; averaging it yields 63.47 against a true mean of 134.94",Replace the placeholder with NULL before any aggregation; never impute silently.
DQX00310,DQ-001,PLACEHOLDER_ZERO,TIER 1,CRITICAL,Quality of Life Value,Benin,0.0,"0.0 is a missing-data placeholder, not an observation; averaging it yields 63.47 against a true mean of 134.94",Replace the placeholder with NULL before any aggregation; never impute silently.
DQX00311,DQ-001,PLACEHOLDER_ZERO,TIER 1,CRITICAL,Quality of Life Value,Bermuda,0.0,"0.0 is a missing-data placeholder, not an observation; averaging it yields 63.47 against a true mean of 134.94",Replace the placeholder with NULL before any aggregation; never impute silently.
DQX00312,DQ-001,PLACEHOLDER_ZERO,TIER 1,CRITICAL,Quality of Life Value,Bhutan,0.0,"0.0 is a missing-data placeholder, not an observation; averaging it yields 63.47 against a true mean of 134.94",Replace the placeholder with NULL before any aggregation; never impute silently.
DQX00313,DQ-001,PLACEHOLDER_ZERO,TIER 1,CRITICAL,Quality of Life Value,Bolivia,0.0,"0.0 is a missing-data placeholder, not an observation; averaging it yields 63.47 against a true mean of 134.94",Replace the placeholder with NULL before any aggregation; never impute silently.
DQX00314,DQ-001,PLACEHOLDER_ZERO,TIER 1,CRITICAL,Quality of Life Value,Bonaire,0.0,"0.0 is a missing-data placeholder, not an observation; averaging it yields 63.47 against a true mean of 134.94",Replace the placeholder with NULL before any aggregation; never impute silently.
DQX00315,DQ-001,PLACEHOLDER_ZERO,TIER 1,CRITICAL,Quality of Life Value,British Virgin Islands,0.0,"0.0 is a missing-data placeholder, not an observation; averaging it yields 63.47 against a true mean of 134.94",Replace the placeholder with NULL before any aggregation; never impute silently.
DQX00316,DQ-001,PLACEHOLDER_ZERO,TIER 1,CRITICAL,Quality of Life Value,Brunei,0.0,"0.0 is a missing-data placeholder, not an observation; averaging it yields 63.47 against a true mean of 134.94",Replace the placeholder with NULL before any aggregation; never impute silently.
DQX00317,DQ-001,PLACEHOLDER_ZERO,TIER 1,CRITICAL,Quality of Life Value,Burkina Faso,0.0,"0.0 is a missing-data placeholder, not an observation; averaging it yields 63.47 against a true mean of 134.94",Replace the placeholder with NULL before any aggregation; never impute silently.
DQX00318,DQ-001,PLACEHOLDER_ZERO,TIER 1,CRITICAL,Quality of Life Value,Burundi,0.0,"0.0 is a missing-data placeholder, not an observation; averaging it yields 63.47 against a true mean of 134.94",Replace the placeholder with NULL before any aggregation; never impute silently.
DQX00319,DQ-001,PLACEHOLDER_ZERO,TIER 1,CRITICAL,Quality of Life Value,Cameroon,0.0,"0.0 is a missing-data placeholder, not an observation; averaging it yields 63.47 against a true mean of 134.94",Replace the placeholder with NULL before any aggregation; never impute silently.
DQX00320,DQ-001,PLACEHOLDER_ZERO,TIER 1,CRITICAL,Quality of Life Value,Cape Verde,0.0,"0.0 is a missing-data placeholder, not an observation; averaging it yields 63.47 against a true mean of 134.94",Replace the placeholder with NULL before any aggregation; never impute silently.
DQX00321,DQ-001,PLACEHOLDER_ZERO,TIER 1,CRITICAL,Quality of Life Value,Cayman Islands,0.0,"0.0 is a missing-data placeholder, not an observation; averaging it yields 63.47 against a true mean of 134.94",Replace the placeholder with NULL before any aggregation; never impute silently.
DQX00322,DQ-001,PLACEHOLDER_ZERO,TIER 1,CRITICAL,Quality of Life Value,Central African Republic,0.0,"0.0 is a missing-data placeholder, not an observation; averaging it yields 63.47 against a true mean of 134.94",Replace the placeholder with NULL before any aggregation; never impute silently.
DQX00323,DQ-001,PLACEHOLDER_ZERO,TIER 1,CRITICAL,Quality of Life Value,Chad,0.0,"0.0 is a missing-data placeholder, not an observation; averaging it yields 63.47 against a true mean of 134.94",Replace the placeholder with NULL before any aggregation; never impute silently.
DQX00324,DQ-001,PLACEHOLDER_ZERO,TIER 1,CRITICAL,Quality of Life Value,Comoros,0.0,"0.0 is a missing-data placeholder, not an observation; averaging it yields 63.47 against a true mean of 134.94",Replace the placeholder with NULL before any aggregation; never impute silently.
DQX00325,DQ-001,PLACEHOLDER_ZERO,TIER 1,CRITICAL,Quality of Life Value,Cook Islands,0.0,"0.0 is a missing-data placeholder, not an observation; averaging it yields 63.47 against a true mean of 134.94",Replace the placeholder with NULL before any aggregation; never impute silently.
DQX00326,DQ-001,PLACEHOLDER_ZERO,TIER 1,CRITICAL,Quality of Life Value,Cuba,0.0,"0.0 is a missing-data placeholder, not an observation; averaging it yields 63.47 against a true mean of 134.94",Replace the placeholder with NULL before any aggregation; never impute silently.
DQX00327,DQ-001,PLACEHOLDER_ZERO,TIER 1,CRITICAL,Quality of Life Value,Curacao,0.0,"0.0 is a missing-data placeholder, not an observation; averaging it yields 63.47 against a true mean of 134.94",Replace the placeholder with NULL before any aggregation; never impute silently.
DQX00328,DQ-001,PLACEHOLDER_ZERO,TIER 1,CRITICAL,Quality of Life Value,Democratic Republic of the Congo,0.0,"0.0 is a missing-data placeholder, not an observation; averaging it yields 63.47 against a true mean of 134.94",Replace the placeholder with NULL before any aggregation; never impute silently.
DQX00329,DQ-001,PLACEHOLDER_ZERO,TIER 1,CRITICAL,Quality of Life Value,Djibouti,0.0,"0.0 is a missing-data placeholder, not an observation; averaging it yields 63.47 against a true mean of 134.94",Replace the placeholder with NULL before any aggregation; never impute silently.
DQX00330,DQ-001,PLACEHOLDER_ZERO,TIER 1,CRITICAL,Quality of Life Value,Dominica,0.0,"0.0 is a missing-data placeholder, not an observation; averaging it yields 63.47 against a true mean of 134.94",Replace the placeholder with NULL before any aggregation; never impute silently.
DQX00331,DQ-001,PLACEHOLDER_ZERO,TIER 1,CRITICAL,Quality of Life Value,Equatorial Guinea,0.0,"0.0 is a missing-data placeholder, not an observation; averaging it yields 63.47 against a true mean of 134.94",Replace the placeholder with NULL before any aggregation; never impute silently.
DQX00332,DQ-001,PLACEHOLDER_ZERO,TIER 1,CRITICAL,Quality of Life Value,Eritrea,0.0,"0.0 is a missing-data placeholder, not an observation; averaging it yields 63.47 against a true mean of 134.94",Replace the placeholder with NULL before any aggregation; never impute silently.
DQX00333,DQ-001,PLACEHOLDER_ZERO,TIER 1,CRITICAL,Quality of Life Value,Eswatini,0.0,"0.0 is a missing-data placeholder, not an observation; averaging it yields 63.47 against a true mean of 134.94",Replace the placeholder with NULL before any aggregation; never impute silently.
DQX00334,DQ-001,PLACEHOLDER_ZERO,TIER 1,CRITICAL,Quality of Life Value,Falkland Islands,0.0,"0.0 is a missing-data placeholder, not an observation; averaging it yields 63.47 against a true mean of 134.94",Replace the placeholder with NULL before any aggregation; never impute silently.
DQX00335,DQ-001,PLACEHOLDER_ZERO,TIER 1,CRITICAL,Quality of Life Value,Faroe Islands,0.0,"0.0 is a missing-data placeholder, not an observation; averaging it yields 63.47 against a true mean of 134.94",Replace the placeholder with NULL before any aggregation; never impute silently.
DQX00336,DQ-001,PLACEHOLDER_ZERO,TIER 1,CRITICAL,Quality of Life Value,French Guiana,0.0,"0.0 is a missing-data placeholder, not an observation; averaging it yields 63.47 against a true mean of 134.94",Replace the placeholder with NULL before any aggregation; never impute silently.
DQX00337,DQ-001,PLACEHOLDER_ZERO,TIER 1,CRITICAL,Quality of Life Value,French Polynesia,0.0,"0.0 is a missing-data placeholder, not an observation; averaging it yields 63.47 against a true mean of 134.94",Replace the placeholder with NULL before any aggregation; never impute silently.
DQX00338,DQ-001,PLACEHOLDER_ZERO,TIER 1,CRITICAL,Quality of Life Value,French Southern Territories,0.0,"0.0 is a missing-data placeholder, not an observation; averaging it yields 63.47 against a true mean of 134.94",Replace the placeholder with NULL before any aggregation; never impute silently.
DQX00339,DQ-001,PLACEHOLDER_ZERO,TIER 1,CRITICAL,Quality of Life Value,Gabon,0.0,"0.0 is a missing-data placeholder, not an observation; averaging it yields 63.47 against a true mean of 134.94",Replace the placeholder with NULL before any aggregation; never impute silently.
DQX00340,DQ-001,PLACEHOLDER_ZERO,TIER 1,CRITICAL,Quality of Life Value,Gambia,0.0,"0.0 is a missing-data placeholder, not an observation; averaging it yields 63.47 against a true mean of 134.94",Replace the placeholder with NULL before any aggregation; never impute silently.
DQX00341,DQ-001,PLACEHOLDER_ZERO,TIER 1,CRITICAL,Quality of Life Value,Gibraltar,0.0,"0.0 is a missing-data placeholder, not an observation; averaging it yields 63.47 against a true mean of 134.94",Replace the placeholder with NULL before any aggregation; never impute silently.
DQX00342,DQ-001,PLACEHOLDER_ZERO,TIER 1,CRITICAL,Quality of Life Value,Greenland,0.0,"0.0 is a missing-data placeholder, not an observation; averaging it yields 63.47 against a true mean of 134.94",Replace the placeholder with NULL before any aggregation; never impute silently.
DQX00343,DQ-001,PLACEHOLDER_ZERO,TIER 1,CRITICAL,Quality of Life Value,Grenada,0.0,"0.0 is a missing-data placeholder, not an observation; averaging it yields 63.47 against a true mean of 134.94",Replace the placeholder with NULL before any aggregation; never impute silently.
DQX00344,DQ-001,PLACEHOLDER_ZERO,TIER 1,CRITICAL,Quality of Life Value,Guadeloupe,0.0,"0.0 is a missing-data placeholder, not an observation; averaging it yields 63.47 against a true mean of 134.94",Replace the placeholder with NULL before any aggregation; never impute silently.
DQX00345,DQ-001,PLACEHOLDER_ZERO,TIER 1,CRITICAL,Quality of Life Value,Guam,0.0,"0.0 is a missing-data placeholder, not an observation; averaging it yields 63.47 against a true mean of 134.94",Replace the placeholder with NULL before any aggregation; never impute silently.
DQX00346,DQ-001,PLACEHOLDER_ZERO,TIER 1,CRITICAL,Quality of Life Value,Guernsey,0.0,"0.0 is a missing-data placeholder, not an observation; averaging it yields 63.47 against a true mean of 134.94",Replace the placeholder with NULL before any aggregation; never impute silently.
DQX00347,DQ-001,PLACEHOLDER_ZERO,TIER 1,CRITICAL,Quality of Life Value,Guinea,0.0,"0.0 is a missing-data placeholder, not an observation; averaging it yields 63.47 against a true mean of 134.94",Replace the placeholder with NULL before any aggregation; never impute silently.
DQX00348,DQ-001,PLACEHOLDER_ZERO,TIER 1,CRITICAL,Quality of Life Value,Guinea-Bissau,0.0,"0.0 is a missing-data placeholder, not an observation; averaging it yields 63.47 against a true mean of 134.94",Replace the placeholder with NULL before any aggregation; never impute silently.
DQX00349,DQ-001,PLACEHOLDER_ZERO,TIER 1,CRITICAL,Quality of Life Value,Guyana,0.0,"0.0 is a missing-data placeholder, not an observation; averaging it yields 63.47 against a true mean of 134.94",Replace the placeholder with NULL before any aggregation; never impute silently.
DQX00350,DQ-001,PLACEHOLDER_ZERO,TIER 1,CRITICAL,Quality of Life Value,Haiti,0.0,"0.0 is a missing-data placeholder, not an observation; averaging it yields 63.47 against a true mean of 134.94",Replace the placeholder with NULL before any aggregation; never impute silently.
DQX00351,DQ-001,PLACEHOLDER_ZERO,TIER 1,CRITICAL,Quality of Life Value,Honduras,0.0,"0.0 is a missing-data placeholder, not an observation; averaging it yields 63.47 against a true mean of 134.94",Replace the placeholder with NULL before any aggregation; never impute silently.
DQX00352,DQ-001,PLACEHOLDER_ZERO,TIER 1,CRITICAL,Quality of Life Value,Isle Of Man,0.0,"0.0 is a missing-data placeholder, not an observation; averaging it yields 63.47 against a true mean of 134.94",Replace the placeholder with NULL before any aggregation; never impute silently.
DQX00353,DQ-001,PLACEHOLDER_ZERO,TIER 1,CRITICAL,Quality of Life Value,Ivory Coast,0.0,"0.0 is a missing-data placeholder, not an observation; averaging it yields 63.47 against a true mean of 134.94",Replace the placeholder with NULL before any aggregation; never impute silently.
DQX00354,DQ-001,PLACEHOLDER_ZERO,TIER 1,CRITICAL,Quality of Life Value,Jersey,0.0,"0.0 is a missing-data placeholder, not an observation; averaging it yields 63.47 against a true mean of 134.94",Replace the placeholder with NULL before any aggregation; never impute silently.
DQX00355,DQ-001,PLACEHOLDER_ZERO,TIER 1,CRITICAL,Quality of Life Value,Kiribati,0.0,"0.0 is a missing-data placeholder, not an observation; averaging it yields 63.47 against a true mean of 134.94",Replace the placeholder with NULL before any aggregation; never impute silently.
DQX00356,DQ-001,PLACEHOLDER_ZERO,TIER 1,CRITICAL,Quality of Life Value,Laos,0.0,"0.0 is a missing-data placeholder, not an observation; averaging it yields 63.47 against a true mean of 134.94",Replace the placeholder with NULL before any aggregation; never impute silently.
DQX00357,DQ-001,PLACEHOLDER_ZERO,TIER 1,CRITICAL,Quality of Life Value,Lesotho,0.0,"0.0 is a missing-data placeholder, not an observation; averaging it yields 63.47 against a true mean of 134.94",Replace the placeholder with NULL before any aggregation; never impute silently.
DQX00358,DQ-001,PLACEHOLDER_ZERO,TIER 1,CRITICAL,Quality of Life Value,Liberia,0.0,"0.0 is a missing-data placeholder, not an observation; averaging it yields 63.47 against a true mean of 134.94",Replace the placeholder with NULL before any aggregation; never impute silently.
DQX00359,DQ-001,PLACEHOLDER_ZERO,TIER 1,CRITICAL,Quality of Life Value,Liechtenstein,0.0,"0.0 is a missing-data placeholder, not an observation; averaging it yields 63.47 against a true mean of 134.94",Replace the placeholder with NULL before any aggregation; never impute silently.
DQX00360,DQ-001,PLACEHOLDER_ZERO,TIER 1,CRITICAL,Quality of Life Value,Madagascar,0.0,"0.0 is a missing-data placeholder, not an observation; averaging it yields 63.47 against a true mean of 134.94",Replace the placeholder with NULL before any aggregation; never impute silently.
DQX00361,DQ-001,PLACEHOLDER_ZERO,TIER 1,CRITICAL,Quality of Life Value,Malawi,0.0,"0.0 is a missing-data placeholder, not an observation; averaging it yields 63.47 against a true mean of 134.94",Replace the placeholder with NULL before any aggregation; never impute silently.
DQX00362,DQ-001,PLACEHOLDER_ZERO,TIER 1,CRITICAL,Quality of Life Value,Maldives,0.0,"0.0 is a missing-data placeholder, not an observation; averaging it yields 63.47 against a true mean of 134.94",Replace the placeholder with NULL before any aggregation; never impute silently.
DQX00363,DQ-001,PLACEHOLDER_ZERO,TIER 1,CRITICAL,Quality of Life Value,Mali,0.0,"0.0 is a missing-data placeholder, not an observation; averaging it yields 63.47 against a true mean of 134.94",Replace the placeholder with NULL before any aggregation; never impute silently.
DQX00364,DQ-001,PLACEHOLDER_ZERO,TIER 1,CRITICAL,Quality of Life Value,Marshall Islands,0.0,"0.0 is a missing-data placeholder, not an observation; averaging it yields 63.47 against a true mean of 134.94",Replace the placeholder with NULL before any aggregation; never impute silently.
DQX00365,DQ-001,PLACEHOLDER_ZERO,TIER 1,CRITICAL,Quality of Life Value,Martinique,0.0,"0.0 is a missing-data placeholder, not an observation; averaging it yields 63.47 against a true mean of 134.94",Replace the placeholder with NULL before any aggregation; never impute silently.
DQX00366,DQ-001,PLACEHOLDER_ZERO,TIER 1,CRITICAL,Quality of Life Value,Mauritania,0.0,"0.0 is a missing-data placeholder, not an observation; averaging it yields 63.47 against a true mean of 134.94",Replace the placeholder with NULL before any aggregation; never impute silently.
DQX00367,DQ-001,PLACEHOLDER_ZERO,TIER 1,CRITICAL,Quality of Life Value,Mauritius,0.0,"0.0 is a missing-data placeholder, not an observation; averaging it yields 63.47 against a true mean of 134.94",Replace the placeholder with NULL before any aggregation; never impute silently.
DQX00368,DQ-001,PLACEHOLDER_ZERO,TIER 1,CRITICAL,Quality of Life Value,Micronesia,0.0,"0.0 is a missing-data placeholder, not an observation; averaging it yields 63.47 against a true mean of 134.94",Replace the placeholder with NULL before any aggregation; never impute silently.
DQX00369,DQ-001,PLACEHOLDER_ZERO,TIER 1,CRITICAL,Quality of Life Value,Monaco,0.0,"0.0 is a missing-data placeholder, not an observation; averaging it yields 63.47 against a true mean of 134.94",Replace the placeholder with NULL before any aggregation; never impute silently.
DQX00370,DQ-001,PLACEHOLDER_ZERO,TIER 1,CRITICAL,Quality of Life Value,Montserrat,0.0,"0.0 is a missing-data placeholder, not an observation; averaging it yields 63.47 against a true mean of 134.94",Replace the placeholder with NULL before any aggregation; never impute silently.
DQX00371,DQ-001,PLACEHOLDER_ZERO,TIER 1,CRITICAL,Quality of Life Value,Mozambique,0.0,"0.0 is a missing-data placeholder, not an observation; averaging it yields 63.47 against a true mean of 134.94",Replace the placeholder with NULL before any aggregation; never impute silently.
DQX00372,DQ-001,PLACEHOLDER_ZERO,TIER 1,CRITICAL,Quality of Life Value,Myanmar,0.0,"0.0 is a missing-data placeholder, not an observation; averaging it yields 63.47 against a true mean of 134.94",Replace the placeholder with NULL before any aggregation; never impute silently.
DQX00373,DQ-001,PLACEHOLDER_ZERO,TIER 1,CRITICAL,Quality of Life Value,Namibia,0.0,"0.0 is a missing-data placeholder, not an observation; averaging it yields 63.47 against a true mean of 134.94",Replace the placeholder with NULL before any aggregation; never impute silently.
DQX00374,DQ-001,PLACEHOLDER_ZERO,TIER 1,CRITICAL,Quality of Life Value,Nauru,0.0,"0.0 is a missing-data placeholder, not an observation; averaging it yields 63.47 against a true mean of 134.94",Replace the placeholder with NULL before any aggregation; never impute silently.
DQX00375,DQ-001,PLACEHOLDER_ZERO,TIER 1,CRITICAL,Quality of Life Value,New Caledonia,0.0,"0.0 is a missing-data placeholder, not an observation; averaging it yields 63.47 against a true mean of 134.94",Replace the placeholder with NULL before any aggregation; never impute silently.
DQX00376,DQ-001,PLACEHOLDER_ZERO,TIER 1,CRITICAL,Quality of Life Value,Nicaragua,0.0,"0.0 is a missing-data placeholder, not an observation; averaging it yields 63.47 against a true mean of 134.94",Replace the placeholder with NULL before any aggregation; never impute silently.
DQX00377,DQ-001,PLACEHOLDER_ZERO,TIER 1,CRITICAL,Quality of Life Value,Niger,0.0,"0.0 is a missing-data placeholder, not an observation; averaging it yields 63.47 against a true mean of 134.94",Replace the placeholder with NULL before any aggregation; never impute silently.
DQX00378,DQ-001,PLACEHOLDER_ZERO,TIER 1,CRITICAL,Quality of Life Value,Niue,0.0,"0.0 is a missing-data placeholder, not an observation; averaging it yields 63.47 against a true mean of 134.94",Replace the placeholder with NULL before any aggregation; never impute silently.
DQX00379,DQ-001,PLACEHOLDER_ZERO,TIER 1,CRITICAL,Quality of Life Value,North Korea,0.0,"0.0 is a missing-data placeholder, not an observation; averaging it yields 63.47 against a true mean of 134.94",Replace the placeholder with NULL before any aggregation; never impute silently.
DQX00380,DQ-001,PLACEHOLDER_ZERO,TIER 1,CRITICAL,Quality of Life Value,Northern Mariana Islands,0.0,"0.0 is a missing-data placeholder, not an observation; averaging it yields 63.47 against a true mean of 134.94",Replace the placeholder with NULL before any aggregation; never impute silently.
DQX00381,DQ-001,PLACEHOLDER_ZERO,TIER 1,CRITICAL,Quality of Life Value,Palau,0.0,"0.0 is a missing-data placeholder, not an observation; averaging it yields 63.47 against a true mean of 134.94",Replace the placeholder with NULL before any aggregation; never impute silently.
DQX00382,DQ-001,PLACEHOLDER_ZERO,TIER 1,CRITICAL,Quality of Life Value,Palestine,0.0,"0.0 is a missing-data placeholder, not an observation; averaging it yields 63.47 against a true mean of 134.94",Replace the placeholder with NULL before any aggregation; never impute silently.
DQX00383,DQ-001,PLACEHOLDER_ZERO,TIER 1,CRITICAL,Quality of Life Value,Papua New Guinea,0.0,"0.0 is a missing-data placeholder, not an observation; averaging it yields 63.47 against a true mean of 134.94",Replace the placeholder with NULL before any aggregation; never impute silently.
DQX00384,DQ-001,PLACEHOLDER_ZERO,TIER 1,CRITICAL,Quality of Life Value,Puerto Rico,0.0,"0.0 is a missing-data placeholder, not an observation; averaging it yields 63.47 against a true mean of 134.94",Replace the placeholder with NULL before any aggregation; never impute silently.
DQX00385,DQ-001,PLACEHOLDER_ZERO,TIER 1,CRITICAL,Quality of Life Value,Republic of the Congo,0.0,"0.0 is a missing-data placeholder, not an observation; averaging it yields 63.47 against a true mean of 134.94",Replace the placeholder with NULL before any aggregation; never impute silently.
DQX00386,DQ-001,PLACEHOLDER_ZERO,TIER 1,CRITICAL,Quality of Life Value,Reunion,0.0,"0.0 is a missing-data placeholder, not an observation; averaging it yields 63.47 against a true mean of 134.94",Replace the placeholder with NULL before any aggregation; never impute silently.
DQX00387,DQ-001,PLACEHOLDER_ZERO,TIER 1,CRITICAL,Quality of Life Value,Rwanda,0.0,"0.0 is a missing-data placeholder, not an observation; averaging it yields 63.47 against a true mean of 134.94",Replace the placeholder with NULL before any aggregation; never impute silently.
DQX00388,DQ-001,PLACEHOLDER_ZERO,TIER 1,CRITICAL,Quality of Life Value,Saint Helena,0.0,"0.0 is a missing-data placeholder, not an observation; averaging it yields 63.47 against a true mean of 134.94",Replace the placeholder with NULL before any aggregation; never impute silently.
DQX00389,DQ-001,PLACEHOLDER_ZERO,TIER 1,CRITICAL,Quality of Life Value,Saint Kitts And Nevis,0.0,"0.0 is a missing-data placeholder, not an observation; averaging it yields 63.47 against a true mean of 134.94",Replace the placeholder with NULL before any aggregation; never impute silently.
DQX00390,DQ-001,PLACEHOLDER_ZERO,TIER 1,CRITICAL,Quality of Life Value,Saint Lucia,0.0,"0.0 is a missing-data placeholder, not an observation; averaging it yields 63.47 against a true mean of 134.94",Replace the placeholder with NULL before any aggregation; never impute silently.
DQX00391,DQ-001,PLACEHOLDER_ZERO,TIER 1,CRITICAL,Quality of Life Value,Saint Vincent And The Grenadines,0.0,"0.0 is a missing-data placeholder, not an observation; averaging it yields 63.47 against a true mean of 134.94",Replace the placeholder with NULL before any aggregation; never impute silently.
DQX00392,DQ-001,PLACEHOLDER_ZERO,TIER 1,CRITICAL,Quality of Life Value,Saint-Pierre And Miquelon,0.0,"0.0 is a missing-data placeholder, not an observation; averaging it yields 63.47 against a true mean of 134.94",Replace the placeholder with NULL before any aggregation; never impute silently.
DQX00393,DQ-001,PLACEHOLDER_ZERO,TIER 1,CRITICAL,Quality of Life Value,Samoa,0.0,"0.0 is a missing-data placeholder, not an observation; averaging it yields 63.47 against a true mean of 134.94",Replace the placeholder with NULL before any aggregation; never impute silently.
DQX00394,DQ-001,PLACEHOLDER_ZERO,TIER 1,CRITICAL,Quality of Life Value,San Marino,0.0,"0.0 is a missing-data placeholder, not an observation; averaging it yields 63.47 against a true mean of 134.94",Replace the placeholder with NULL before any aggregation; never impute silently.
DQX00395,DQ-001,PLACEHOLDER_ZERO,TIER 1,CRITICAL,Quality of Life Value,Sao Tome And Principe,0.0,"0.0 is a missing-data placeholder, not an observation; averaging it yields 63.47 against a true mean of 134.94",Replace the placeholder with NULL before any aggregation; never impute silently.
DQX00396,DQ-001,PLACEHOLDER_ZERO,TIER 1,CRITICAL,Quality of Life Value,Senegal,0.0,"0.0 is a missing-data placeholder, not an observation; averaging it yields 63.47 against a true mean of 134.94",Replace the placeholder with NULL before any aggregation; never impute silently.
DQX00397,DQ-001,PLACEHOLDER_ZERO,TIER 1,CRITICAL,Quality of Life Value,Seychelles,0.0,"0.0 is a missing-data placeholder, not an observation; averaging it yields 63.47 against a true mean of 134.94",Replace the placeholder with NULL before any aggregation; never impute silently.
DQX00398,DQ-001,PLACEHOLDER_ZERO,TIER 1,CRITICAL,Quality of Life Value,Sierra Leone,0.0,"0.0 is a missing-data placeholder, not an observation; averaging it yields 63.47 against a true mean of 134.94",Replace the placeholder with NULL before any aggregation; never impute silently.
DQX00399,DQ-001,PLACEHOLDER_ZERO,TIER 1,CRITICAL,Quality of Life Value,Sint Maarten,0.0,"0.0 is a missing-data placeholder, not an observation; averaging it yields 63.47 against a true mean of 134.94",Replace the placeholder with NULL before any aggregation; never impute silently.
DQX00400,DQ-001,PLACEHOLDER_ZERO,TIER 1,CRITICAL,Quality of Life Value,Solomon Islands,0.0,"0.0 is a missing-data placeholder, not an observation; averaging it yields 63.47 against a true mean of 134.94",Replace the placeholder with NULL before any aggregation; never impute silently.
DQX00401,DQ-001,PLACEHOLDER_ZERO,TIER 1,CRITICAL,Quality of Life Value,Somalia,0.0,"0.0 is a missing-data placeholder, not an observation; averaging it yields 63.47 against a true mean of 134.94",Replace the placeholder with NULL before any aggregation; never impute silently.
DQX00402,DQ-001,PLACEHOLDER_ZERO,TIER 1,CRITICAL,Quality of Life Value,South Sudan,0.0,"0.0 is a missing-data placeholder, not an observation; averaging it yields 63.47 against a true mean of 134.94",Replace the placeholder with NULL before any aggregation; never impute silently.
DQX00403,DQ-001,PLACEHOLDER_ZERO,TIER 1,CRITICAL,Quality of Life Value,Sudan,0.0,"0.0 is a missing-data placeholder, not an observation; averaging it yields 63.47 against a true mean of 134.94",Replace the placeholder with NULL before any aggregation; never impute silently.
DQX00404,DQ-001,PLACEHOLDER_ZERO,TIER 1,CRITICAL,Quality of Life Value,Suriname,0.0,"0.0 is a missing-data placeholder, not an observation; averaging it yields 63.47 against a true mean of 134.94",Replace the placeholder with NULL before any aggregation; never impute silently.
DQX00405,DQ-001,PLACEHOLDER_ZERO,TIER 1,CRITICAL,Quality of Life Value,Syria,0.0,"0.0 is a missing-data placeholder, not an observation; averaging it yields 63.47 against a true mean of 134.94",Replace the placeholder with NULL before any aggregation; never impute silently.
DQX00406,DQ-001,PLACEHOLDER_ZERO,TIER 1,CRITICAL,Quality of Life Value,Tajikistan,0.0,"0.0 is a missing-data placeholder, not an observation; averaging it yields 63.47 against a true mean of 134.94",Replace the placeholder with NULL before any aggregation; never impute silently.
DQX00407,DQ-001,PLACEHOLDER_ZERO,TIER 1,CRITICAL,Quality of Life Value,Tanzania,0.0,"0.0 is a missing-data placeholder, not an observation; averaging it yields 63.47 against a true mean of 134.94",Replace the placeholder with NULL before any aggregation; never impute silently.
DQX00408,DQ-001,PLACEHOLDER_ZERO,TIER 1,CRITICAL,Quality of Life Value,Timor-Leste,0.0,"0.0 is a missing-data placeholder, not an observation; averaging it yields 63.47 against a true mean of 134.94",Replace the placeholder with NULL before any aggregation; never impute silently.
DQX00409,DQ-001,PLACEHOLDER_ZERO,TIER 1,CRITICAL,Quality of Life Value,Togo,0.0,"0.0 is a missing-data placeholder, not an observation; averaging it yields 63.47 against a true mean of 134.94",Replace the placeholder with NULL before any aggregation; never impute silently.
DQX00410,DQ-001,PLACEHOLDER_ZERO,TIER 1,CRITICAL,Quality of Life Value,Tonga,0.0,"0.0 is a missing-data placeholder, not an observation; averaging it yields 63.47 against a true mean of 134.94",Replace the placeholder with NULL before any aggregation; never impute silently.
DQX00411,DQ-001,PLACEHOLDER_ZERO,TIER 1,CRITICAL,Quality of Life Value,Turkmenistan,0.0,"0.0 is a missing-data placeholder, not an observation; averaging it yields 63.47 against a true mean of 134.94",Replace the placeholder with NULL before any aggregation; never impute silently.
DQX00412,DQ-001,PLACEHOLDER_ZERO,TIER 1,CRITICAL,Quality of Life Value,Turks And Caicos Islands,0.0,"0.0 is a missing-data placeholder, not an observation; averaging it yields 63.47 against a true mean of 134.94",Replace the placeholder with NULL before any aggregation; never impute silently.
DQX00413,DQ-001,PLACEHOLDER_ZERO,TIER 1,CRITICAL,Quality of Life Value,Tuvalu,0.0,"0.0 is a missing-data placeholder, not an observation; averaging it yields 63.47 against a true mean of 134.94",Replace the placeholder with NULL before any aggregation; never impute silently.
DQX00414,DQ-001,PLACEHOLDER_ZERO,TIER 1,CRITICAL,Quality of Life Value,Uganda,0.0,"0.0 is a missing-data placeholder, not an observation; averaging it yields 63.47 against a true mean of 134.94",Replace the placeholder with NULL before any aggregation; never impute silently.
DQX00415,DQ-001,PLACEHOLDER_ZERO,TIER 1,CRITICAL,Quality of Life Value,Us Virgin Islands,0.0,"0.0 is a missing-data placeholder, not an observation; averaging it yields 63.47 against a true mean of 134.94",Replace the placeholder with NULL before any aggregation; never impute silently.
DQX00416,DQ-001,PLACEHOLDER_ZERO,TIER 1,CRITICAL,Quality of Life Value,Vanuatu,0.0,"0.0 is a missing-data placeholder, not an observation; averaging it yields 63.47 against a true mean of 134.94",Replace the placeholder with NULL before any aggregation; never impute silently.
DQX00417,DQ-001,PLACEHOLDER_ZERO,TIER 1,CRITICAL,Quality of Life Value,Vatican City,0.0,"0.0 is a missing-data placeholder, not an observation; averaging it yields 63.47 against a true mean of 134.94",Replace the placeholder with NULL before any aggregation; never impute silently.
DQX00418,DQ-001,PLACEHOLDER_ZERO,TIER 1,CRITICAL,Quality of Life Value,Venezuela,0.0,"0.0 is a missing-data placeholder, not an observation; averaging it yields 63.47 against a true mean of 134.94",Replace the placeholder with NULL before any aggregation; never impute silently.
DQX00419,DQ-001,PLACEHOLDER_ZERO,TIER 1,CRITICAL,Quality of Life Value,Wallis And Futuna,0.0,"0.0 is a missing-data placeholder, not an observation; averaging it yields 63.47 against a true mean of 134.94",Replace the placeholder with NULL before any aggregation; never impute silently.
DQX00420,DQ-001,PLACEHOLDER_ZERO,TIER 1,CRITICAL,Quality of Life Value,Western Sahara,0.0,"0.0 is a missing-data placeholder, not an observation; averaging it yields 63.47 against a true mean of 134.94",Replace the placeholder with NULL before any aggregation; never impute silently.
DQX00421,DQ-001,PLACEHOLDER_ZERO,TIER 1,CRITICAL,Quality of Life Value,Yemen,0.0,"0.0 is a missing-data placeholder, not an observation; averaging it yields 63.47 against a true mean of 134.94",Replace the placeholder with NULL before any aggregation; never impute silently.
DQX00422,DQ-001,PLACEHOLDER_ZERO,TIER 1,CRITICAL,Quality of Life Value,Zambia,0.0,"0.0 is a missing-data placeholder, not an observation; averaging it yields 63.47 against a true mean of 134.94",Replace the placeholder with NULL before any aggregation; never impute silently.
DQX00047,DQ-001,PLACEHOLDER_ZERO,TIER 1,CRITICAL,Safety Value,Niue,0.0,"0.0 is a missing-data placeholder, not an observation; averaging it yields 55.27 against a true mean of 55.75",Replace the placeholder with NULL before any aggregation; never impute silently.
DQX00048,DQ-001,PLACEHOLDER_ZERO,TIER 1,CRITICAL,Safety Value,Wallis And Futuna,0.0,"0.0 is a missing-data placeholder, not an observation; averaging it yields 55.27 against a true mean of 55.75",Replace the placeholder with NULL before any aggregation; never impute silently.
DQX00253,DQ-001,PLACEHOLDER_ZERO,TIER 1,CRITICAL,Traffic Commute Time Value,Anguilla,0.0,"0.0 is a missing-data placeholder, not an observation; averaging it yields 28.49 against a true mean of 33.29",Replace the placeholder with NULL before any aggregation; never impute silently.
DQX00254,DQ-001,PLACEHOLDER_ZERO,TIER 1,CRITICAL,Traffic Commute Time Value,Bonaire,0.0,"0.0 is a missing-data placeholder, not an observation; averaging it yields 28.49 against a true mean of 33.29",Replace the placeholder with NULL before any aggregation; never impute silently.
DQX00255,DQ-001,PLACEHOLDER_ZERO,TIER 1,CRITICAL,Traffic Commute Time Value,British Virgin Islands,0.0,"0.0 is a missing-data placeholder, not an observation; averaging it yields 28.49 against a true mean of 33.29",Replace the placeholder with NULL before any aggregation; never impute silently.
DQX00256,DQ-001,PLACEHOLDER_ZERO,TIER 1,CRITICAL,Traffic Commute Time Value,Comoros,0.0,"0.0 is a missing-data placeholder, not an observation; averaging it yields 28.49 against a true mean of 33.29",Replace the placeholder with NULL before any aggregation; never impute silently.
DQX00257,DQ-001,PLACEHOLDER_ZERO,TIER 1,CRITICAL,Traffic Commute Time Value,Cook Islands,0.0,"0.0 is a missing-data placeholder, not an observation; averaging it yields 28.49 against a true mean of 33.29",Replace the placeholder with NULL before any aggregation; never impute silently.
DQX00258,DQ-001,PLACEHOLDER_ZERO,TIER 1,CRITICAL,Traffic Commute Time Value,Dominica,0.0,"0.0 is a missing-data placeholder, not an observation; averaging it yields 28.49 against a true mean of 33.29",Replace the placeholder with NULL before any aggregation; never impute silently.
DQX00259,DQ-001,PLACEHOLDER_ZERO,TIER 1,CRITICAL,Traffic Commute Time Value,Eritrea,0.0,"0.0 is a missing-data placeholder, not an observation; averaging it yields 28.49 against a true mean of 33.29",Replace the placeholder with NULL before any aggregation; never impute silently.
DQX00260,DQ-001,PLACEHOLDER_ZERO,TIER 1,CRITICAL,Traffic Commute Time Value,Faroe Islands,0.0,"0.0 is a missing-data placeholder, not an observation; averaging it yields 28.49 against a true mean of 33.29",Replace the placeholder with NULL before any aggregation; never impute silently.
DQX00261,DQ-001,PLACEHOLDER_ZERO,TIER 1,CRITICAL,Traffic Commute Time Value,Guadeloupe,0.0,"0.0 is a missing-data placeholder, not an observation; averaging it yields 28.49 against a true mean of 33.29",Replace the placeholder with NULL before any aggregation; never impute silently.
DQX00262,DQ-001,PLACEHOLDER_ZERO,TIER 1,CRITICAL,Traffic Commute Time Value,Guinea,0.0,"0.0 is a missing-data placeholder, not an observation; averaging it yields 28.49 against a true mean of 33.29",Replace the placeholder with NULL before any aggregation; never impute silently.
DQX00263,DQ-001,PLACEHOLDER_ZERO,TIER 1,CRITICAL,Traffic Commute Time Value,Liechtenstein,0.0,"0.0 is a missing-data placeholder, not an observation; averaging it yields 28.49 against a true mean of 33.29",Replace the placeholder with NULL before any aggregation; never impute silently.
DQX00264,DQ-001,PLACEHOLDER_ZERO,TIER 1,CRITICAL,Traffic Commute Time Value,Mali,0.0,"0.0 is a missing-data placeholder, not an observation; averaging it yields 28.49 against a true mean of 33.29",Replace the placeholder with NULL before any aggregation; never impute silently.
DQX00265,DQ-001,PLACEHOLDER_ZERO,TIER 1,CRITICAL,Traffic Commute Time Value,Marshall Islands,0.0,"0.0 is a missing-data placeholder, not an observation; averaging it yields 28.49 against a true mean of 33.29",Replace the placeholder with NULL before any aggregation; never impute silently.
DQX00266,DQ-001,PLACEHOLDER_ZERO,TIER 1,CRITICAL,Traffic Commute Time Value,Martinique,0.0,"0.0 is a missing-data placeholder, not an observation; averaging it yields 28.49 against a true mean of 33.29",Replace the placeholder with NULL before any aggregation; never impute silently.
DQX00267,DQ-001,PLACEHOLDER_ZERO,TIER 1,CRITICAL,Traffic Commute Time Value,Mauritania,0.0,"0.0 is a missing-data placeholder, not an observation; averaging it yields 28.49 against a true mean of 33.29",Replace the placeholder with NULL before any aggregation; never impute silently.
DQX00268,DQ-001,PLACEHOLDER_ZERO,TIER 1,CRITICAL,Traffic Commute Time Value,Montserrat,0.0,"0.0 is a missing-data placeholder, not an observation; averaging it yields 28.49 against a true mean of 33.29",Replace the placeholder with NULL before any aggregation; never impute silently.
DQX00269,DQ-001,PLACEHOLDER_ZERO,TIER 1,CRITICAL,Traffic Commute Time Value,Nauru,0.0,"0.0 is a missing-data placeholder, not an observation; averaging it yields 28.49 against a true mean of 33.29",Replace the placeholder with NULL before any aggregation; never impute silently.
DQX00270,DQ-001,PLACEHOLDER_ZERO,TIER 1,CRITICAL,Traffic Commute Time Value,Niue,0.0,"0.0 is a missing-data placeholder, not an observation; averaging it yields 28.49 against a true mean of 33.29",Replace the placeholder with NULL before any aggregation; never impute silently.
DQX00271,DQ-001,PLACEHOLDER_ZERO,TIER 1,CRITICAL,Traffic Commute Time Value,Northern Mariana Islands,0.0,"0.0 is a missing-data placeholder, not an observation; averaging it yields 28.49 against a true mean of 33.29",Replace the placeholder with NULL before any aggregation; never impute silently.
DQX00272,DQ-001,PLACEHOLDER_ZERO,TIER 1,CRITICAL,Traffic Commute Time Value,Palau,0.0,"0.0 is a missing-data placeholder, not an observation; averaging it yields 28.49 against a true mean of 33.29",Replace the placeholder with NULL before any aggregation; never impute silently.
DQX00273,DQ-001,PLACEHOLDER_ZERO,TIER 1,CRITICAL,Traffic Commute Time Value,Republic of the Congo,0.0,"0.0 is a missing-data placeholder, not an observation; averaging it yields 28.49 against a true mean of 33.29",Replace the placeholder with NULL before any aggregation; never impute silently.
DQX00274,DQ-001,PLACEHOLDER_ZERO,TIER 1,CRITICAL,Traffic Commute Time Value,Reunion,0.0,"0.0 is a missing-data placeholder, not an observation; averaging it yields 28.49 against a true mean of 33.29",Replace the placeholder with NULL before any aggregation; never impute silently.
DQX00275,DQ-001,PLACEHOLDER_ZERO,TIER 1,CRITICAL,Traffic Commute Time Value,Saint-Pierre And Miquelon,0.0,"0.0 is a missing-data placeholder, not an observation; averaging it yields 28.49 against a true mean of 33.29",Replace the placeholder with NULL before any aggregation; never impute silently.
DQX00276,DQ-001,PLACEHOLDER_ZERO,TIER 1,CRITICAL,Traffic Commute Time Value,Samoa,0.0,"0.0 is a missing-data placeholder, not an observation; averaging it yields 28.49 against a true mean of 33.29",Replace the placeholder with NULL before any aggregation; never impute silently.
DQX00277,DQ-001,PLACEHOLDER_ZERO,TIER 1,CRITICAL,Traffic Commute Time Value,Sao Tome And Principe,0.0,"0.0 is a missing-data placeholder, not an observation; averaging it yields 28.49 against a true mean of 33.29",Replace the placeholder with NULL before any aggregation; never impute silently.
DQX00278,DQ-001,PLACEHOLDER_ZERO,TIER 1,CRITICAL,Traffic Commute Time Value,Sierra Leone,0.0,"0.0 is a missing-data placeholder, not an observation; averaging it yields 28.49 against a true mean of 33.29",Replace the placeholder with NULL before any aggregation; never impute silently.
DQX00279,DQ-001,PLACEHOLDER_ZERO,TIER 1,CRITICAL,Traffic Commute Time Value,Sint Maarten,0.0,"0.0 is a missing-data placeholder, not an observation; averaging it yields 28.49 against a true mean of 33.29",Replace the placeholder with NULL before any aggregation; never impute silently.
DQX00280,DQ-001,PLACEHOLDER_ZERO,TIER 1,CRITICAL,Traffic Commute Time Value,South Sudan,0.0,"0.0 is a missing-data placeholder, not an observation; averaging it yields 28.49 against a true mean of 33.29",Replace the placeholder with NULL before any aggregation; never impute silently.
DQX00281,DQ-001,PLACEHOLDER_ZERO,TIER 1,CRITICAL,Traffic Commute Time Value,Tonga,0.0,"0.0 is a missing-data placeholder, not an observation; averaging it yields 28.49 against a true mean of 33.29",Replace the placeholder with NULL before any aggregation; never impute silently.
DQX00282,DQ-001,PLACEHOLDER_ZERO,TIER 1,CRITICAL,Traffic Commute Time Value,Turks And Caicos Islands,0.0,"0.0 is a missing-data placeholder, not an observation; averaging it yields 28.49 against a true mean of 33.29",Replace the placeholder with NULL before any aggregation; never impute silently.
DQX00283,DQ-001,PLACEHOLDER_ZERO,TIER 1,CRITICAL,Traffic Commute Time Value,Tuvalu,0.0,"0.0 is a missing-data placeholder, not an observation; averaging it yields 28.49 against a true mean of 33.29",Replace the placeholder with NULL before any aggregation; never impute silently.
DQX00284,DQ-001,PLACEHOLDER_ZERO,TIER 1,CRITICAL,Traffic Commute Time Value,Vatican City,0.0,"0.0 is a missing-data placeholder, not an observation; averaging it yields 28.49 against a true mean of 33.29",Replace the placeholder with NULL before any aggregation; never impute silently.
DQX00285,DQ-001,PLACEHOLDER_ZERO,TIER 1,CRITICAL,Traffic Commute Time Value,Wallis And Futuna,0.0,"0.0 is a missing-data placeholder, not an observation; averaging it yields 28.49 against a true mean of 33.29",Replace the placeholder with NULL before any aggregation; never impute silently.
DQX00286,DQ-001,PLACEHOLDER_ZERO,TIER 1,CRITICAL,Traffic Commute Time Value,Western Sahara,0.0,"0.0 is a missing-data placeholder, not an observation; averaging it yields 28.49 against a true mean of 33.29",Replace the placeholder with NULL before any aggregation; never impute silently.
DQX00558,DQ-006,TYPE_DRIFT,TIER 1,CRITICAL,Property Price to Income Value,column,str,declared numeric but carried as str; every arithmetic operation on it will either fail or coerce silently,"Repair the underlying string defects, then cast explicitly and assert the dtype."
DQX00559,DQ-006,TYPE_DRIFT,TIER 1,CRITICAL,Quality of Life Value,column,str,declared numeric but carried as str; every arithmetic operation on it will either fail or coerce silently,"Repair the underlying string defects, then cast explicitly and assert the dtype."
DQX00568,DQ-008,COERCION_LOSS,TIER 1,CRITICAL,Property Price to Income Value,Niger,2746.0,"recoverable value 2,746.00 is discarded by pd.to_numeric(errors='coerce') with no warning; the column maximum moves from 450.40 to 2,746.00 once repaired",Never use errors='coerce' without reconciling the parsed count against the source count.
DQX00569,DQ-008,COERCION_LOSS,TIER 1,CRITICAL,Property Price to Income Value,Solomon Islands,1004.18,"recoverable value 1,004.18 is discarded by pd.to_numeric(errors='coerce') with no warning; the column maximum moves from 450.40 to 2,746.00 once repaired",Never use errors='coerce' without reconciling the parsed count against the source count.
DQX00570,DQ-008,COERCION_LOSS,TIER 1,CRITICAL,Property Price to Income Value,Uganda,1075.92,"recoverable value 1,075.92 is discarded by pd.to_numeric(errors='coerce') with no warning; the column maximum moves from 450.40 to 2,746.00 once repaired",Never use errors='coerce' without reconciling the parsed count against the source count.
DQX00571,DQ-008,COERCION_LOSS,TIER 1,CRITICAL,Quality of Life Value,Albania,104.16,recoverable value 104.16 is discarded by pd.to_numeric(errors='coerce') with no warning; the column maximum moves from 0.00 to 224.31 once repaired,Never use errors='coerce' without reconciling the parsed count against the source count.
DQX00572,DQ-008,COERCION_LOSS,TIER 1,CRITICAL,Quality of Life Value,Algeria,98.83,recoverable value 98.83 is discarded by pd.to_numeric(errors='coerce') with no warning; the column maximum moves from 0.00 to 224.31 once repaired,Never use errors='coerce' without reconciling the parsed count against the source count.
DQX00573,DQ-008,COERCION_LOSS,TIER 1,CRITICAL,Quality of Life Value,Argentina,115.06,recoverable value 115.06 is discarded by pd.to_numeric(errors='coerce') with no warning; the column maximum moves from 0.00 to 224.31 once repaired,Never use errors='coerce' without reconciling the parsed count against the source count.
DQX00574,DQ-008,COERCION_LOSS,TIER 1,CRITICAL,Quality of Life Value,Armenia,116.56,recoverable value 116.56 is discarded by pd.to_numeric(errors='coerce') with no warning; the column maximum moves from 0.00 to 224.31 once repaired,Never use errors='coerce' without reconciling the parsed count against the source count.
DQX00575,DQ-008,COERCION_LOSS,TIER 1,CRITICAL,Quality of Life Value,Australia,190.69,recoverable value 190.69 is discarded by pd.to_numeric(errors='coerce') with no warning; the column maximum moves from 0.00 to 224.31 once repaired,Never use errors='coerce' without reconciling the parsed count against the source count.
DQX00576,DQ-008,COERCION_LOSS,TIER 1,CRITICAL,Quality of Life Value,Austria,192.07,recoverable value 192.07 is discarded by pd.to_numeric(errors='coerce') with no warning; the column maximum moves from 0.00 to 224.31 once repaired,Never use errors='coerce' without reconciling the parsed count against the source count.
DQX00577,DQ-008,COERCION_LOSS,TIER 1,CRITICAL,Quality of Life Value,Azerbaijan,113.51,recoverable value 113.51 is discarded by pd.to_numeric(errors='coerce') with no warning; the column maximum moves from 0.00 to 224.31 once repaired,Never use errors='coerce' without reconciling the parsed count against the source count.
DQX00578,DQ-008,COERCION_LOSS,TIER 1,CRITICAL,Quality of Life Value,Bahrain,158.68,recoverable value 158.68 is discarded by pd.to_numeric(errors='coerce') with no warning; the column maximum moves from 0.00 to 224.31 once repaired,Never use errors='coerce' without reconciling the parsed count against the source count.
DQX00579,DQ-008,COERCION_LOSS,TIER 1,CRITICAL,Quality of Life Value,Bangladesh,74.51,recoverable value 74.51 is discarded by pd.to_numeric(errors='coerce') with no warning; the column maximum moves from 0.00 to 224.31 once repaired,Never use errors='coerce' without reconciling the parsed count against the source count.
DQX00580,DQ-008,COERCION_LOSS,TIER 1,CRITICAL,Quality of Life Value,Belarus,127.48,recoverable value 127.48 is discarded by pd.to_numeric(errors='coerce') with no warning; the column maximum moves from 0.00 to 224.31 once repaired,Never use errors='coerce' without reconciling the parsed count against the source count.
DQX00581,DQ-008,COERCION_LOSS,TIER 1,CRITICAL,Quality of Life Value,Belgium,168.52,recoverable value 168.52 is discarded by pd.to_numeric(errors='coerce') with no warning; the column maximum moves from 0.00 to 224.31 once repaired,Never use errors='coerce' without reconciling the parsed count against the source count.
DQX00582,DQ-008,COERCION_LOSS,TIER 1,CRITICAL,Quality of Life Value,Bosnia And Herzegovina,134.51,recoverable value 134.51 is discarded by pd.to_numeric(errors='coerce') with no warning; the column maximum moves from 0.00 to 224.31 once repaired,Never use errors='coerce' without reconciling the parsed count against the source count.
DQX00583,DQ-008,COERCION_LOSS,TIER 1,CRITICAL,Quality of Life Value,Botswana,36.55,recoverable value 36.55 is discarded by pd.to_numeric(errors='coerce') with no warning; the column maximum moves from 0.00 to 224.31 once repaired,Never use errors='coerce' without reconciling the parsed count against the source count.
DQX00584,DQ-008,COERCION_LOSS,TIER 1,CRITICAL,Quality of Life Value,Brazil,115.99,recoverable value 115.99 is discarded by pd.to_numeric(errors='coerce') with no warning; the column maximum moves from 0.00 to 224.31 once repaired,Never use errors='coerce' without reconciling the parsed count against the source count.
DQX00585,DQ-008,COERCION_LOSS,TIER 1,CRITICAL,Quality of Life Value,Bulgaria,144.49,recoverable value 144.49 is discarded by pd.to_numeric(errors='coerce') with no warning; the column maximum moves from 0.00 to 224.31 once repaired,Never use errors='coerce' without reconciling the parsed count against the source count.
DQX00586,DQ-008,COERCION_LOSS,TIER 1,CRITICAL,Quality of Life Value,Cambodia,78.92,recoverable value 78.92 is discarded by pd.to_numeric(errors='coerce') with no warning; the column maximum moves from 0.00 to 224.31 once repaired,Never use errors='coerce' without reconciling the parsed count against the source count.
DQX00587,DQ-008,COERCION_LOSS,TIER 1,CRITICAL,Quality of Life Value,Canada,164.54,recoverable value 164.54 is discarded by pd.to_numeric(errors='coerce') with no warning; the column maximum moves from 0.00 to 224.31 once repaired,Never use errors='coerce' without reconciling the parsed count against the source count.
DQX00588,DQ-008,COERCION_LOSS,TIER 1,CRITICAL,Quality of Life Value,Chile,106.49,recoverable value 106.49 is discarded by pd.to_numeric(errors='coerce') with no warning; the column maximum moves from 0.00 to 224.31 once repaired,Never use errors='coerce' without reconciling the parsed count against the source count.
DQX00589,DQ-008,COERCION_LOSS,TIER 1,CRITICAL,Quality of Life Value,China,120.52,recoverable value 120.52 is discarded by pd.to_numeric(errors='coerce') with no warning; the column maximum moves from 0.00 to 224.31 once repaired,Never use errors='coerce' without reconciling the parsed count against the source count.
DQX00590,DQ-008,COERCION_LOSS,TIER 1,CRITICAL,Quality of Life Value,Colombia,107.9,recoverable value 107.90 is discarded by pd.to_numeric(errors='coerce') with no warning; the column maximum moves from 0.00 to 224.31 once repaired,Never use errors='coerce' without reconciling the parsed count against the source count.
DQX00591,DQ-008,COERCION_LOSS,TIER 1,CRITICAL,Quality of Life Value,Costa Rica,129.35,recoverable value 129.35 is discarded by pd.to_numeric(errors='coerce') with no warning; the column maximum moves from 0.00 to 224.31 once repaired,Never use errors='coerce' without reconciling the parsed count against the source count.
DQX00592,DQ-008,COERCION_LOSS,TIER 1,CRITICAL,Quality of Life Value,Croatia,176.02,recoverable value 176.02 is discarded by pd.to_numeric(errors='coerce') with no warning; the column maximum moves from 0.00 to 224.31 once repaired,Never use errors='coerce' without reconciling the parsed count against the source count.
DQX00593,DQ-008,COERCION_LOSS,TIER 1,CRITICAL,Quality of Life Value,Cyprus,158.84,recoverable value 158.84 is discarded by pd.to_numeric(errors='coerce') with no warning; the column maximum moves from 0.00 to 224.31 once repaired,Never use errors='coerce' without reconciling the parsed count against the source count.
DQX00594,DQ-008,COERCION_LOSS,TIER 1,CRITICAL,Quality of Life Value,Czech Republic,174.21,recoverable value 174.21 is discarded by pd.to_numeric(errors='coerce') with no warning; the column maximum moves from 0.00 to 224.31 once repaired,Never use errors='coerce' without reconciling the parsed count against the source count.
DQX00595,DQ-008,COERCION_LOSS,TIER 1,CRITICAL,Quality of Life Value,Denmark,208.65,recoverable value 208.65 is discarded by pd.to_numeric(errors='coerce') with no warning; the column maximum moves from 0.00 to 224.31 once repaired,Never use errors='coerce' without reconciling the parsed count against the source count.
DQX00596,DQ-008,COERCION_LOSS,TIER 1,CRITICAL,Quality of Life Value,Dominican Republic,89.09,recoverable value 89.09 is discarded by pd.to_numeric(errors='coerce') with no warning; the column maximum moves from 0.00 to 224.31 once repaired,Never use errors='coerce' without reconciling the parsed count against the source count.
DQX00597,DQ-008,COERCION_LOSS,TIER 1,CRITICAL,Quality of Life Value,Ecuador,125.58,recoverable value 125.58 is discarded by pd.to_numeric(errors='coerce') with no warning; the column maximum moves from 0.00 to 224.31 once repaired,Never use errors='coerce' without reconciling the parsed count against the source count.
DQX00598,DQ-008,COERCION_LOSS,TIER 1,CRITICAL,Quality of Life Value,Egypt,85.41,recoverable value 85.41 is discarded by pd.to_numeric(errors='coerce') with no warning; the column maximum moves from 0.00 to 224.31 once repaired,Never use errors='coerce' without reconciling the parsed count against the source count.
DQX00599,DQ-008,COERCION_LOSS,TIER 1,CRITICAL,Quality of Life Value,El Salvador,93.05,recoverable value 93.05 is discarded by pd.to_numeric(errors='coerce') with no warning; the column maximum moves from 0.00 to 224.31 once repaired,Never use errors='coerce' without reconciling the parsed count against the source count.
DQX00600,DQ-008,COERCION_LOSS,TIER 1,CRITICAL,Quality of Life Value,Estonia,185.1,recoverable value 185.10 is discarded by pd.to_numeric(errors='coerce') with no warning; the column maximum moves from 0.00 to 224.31 once repaired,Never use errors='coerce' without reconciling the parsed count against the source count.
DQX00601,DQ-008,COERCION_LOSS,TIER 1,CRITICAL,Quality of Life Value,Ethiopia,48.88,recoverable value 48.88 is discarded by pd.to_numeric(errors='coerce') with no warning; the column maximum moves from 0.00 to 224.31 once repaired,Never use errors='coerce' without reconciling the parsed count against the source count.
DQX00602,DQ-008,COERCION_LOSS,TIER 1,CRITICAL,Quality of Life Value,Fiji,122.12,recoverable value 122.12 is discarded by pd.to_numeric(errors='coerce') with no warning; the column maximum moves from 0.00 to 224.31 once repaired,Never use errors='coerce' without reconciling the parsed count against the source count.
DQX00603,DQ-008,COERCION_LOSS,TIER 1,CRITICAL,Quality of Life Value,Finland,203.06,recoverable value 203.06 is discarded by pd.to_numeric(errors='coerce') with no warning; the column maximum moves from 0.00 to 224.31 once repaired,Never use errors='coerce' without reconciling the parsed count against the source count.
DQX00604,DQ-008,COERCION_LOSS,TIER 1,CRITICAL,Quality of Life Value,France,165.08,recoverable value 165.08 is discarded by pd.to_numeric(errors='coerce') with no warning; the column maximum moves from 0.00 to 224.31 once repaired,Never use errors='coerce' without reconciling the parsed count against the source count.
DQX00605,DQ-008,COERCION_LOSS,TIER 1,CRITICAL,Quality of Life Value,Georgia,125.48,recoverable value 125.48 is discarded by pd.to_numeric(errors='coerce') with no warning; the column maximum moves from 0.00 to 224.31 once repaired,Never use errors='coerce' without reconciling the parsed count against the source count.
DQX00606,DQ-008,COERCION_LOSS,TIER 1,CRITICAL,Quality of Life Value,Germany,189.75,recoverable value 189.75 is discarded by pd.to_numeric(errors='coerce') with no warning; the column maximum moves from 0.00 to 224.31 once repaired,Never use errors='coerce' without reconciling the parsed count against the source count.
DQX00607,DQ-008,COERCION_LOSS,TIER 1,CRITICAL,Quality of Life Value,Ghana,17.47,recoverable value 17.47 is discarded by pd.to_numeric(errors='coerce') with no warning; the column maximum moves from 0.00 to 224.31 once repaired,Never use errors='coerce' without reconciling the parsed count against the source count.
DQX00608,DQ-008,COERCION_LOSS,TIER 1,CRITICAL,Quality of Life Value,Greece,136.83,recoverable value 136.83 is discarded by pd.to_numeric(errors='coerce') with no warning; the column maximum moves from 0.00 to 224.31 once repaired,Never use errors='coerce' without reconciling the parsed count against the source count.
DQX00609,DQ-008,COERCION_LOSS,TIER 1,CRITICAL,Quality of Life Value,Guatemala,107.92,recoverable value 107.92 is discarded by pd.to_numeric(errors='coerce') with no warning; the column maximum moves from 0.00 to 224.31 once repaired,Never use errors='coerce' without reconciling the parsed count against the source count.
DQX00610,DQ-008,COERCION_LOSS,TIER 1,CRITICAL,Quality of Life Value,Hong Kong (China),134.04,recoverable value 134.04 is discarded by pd.to_numeric(errors='coerce') with no warning; the column maximum moves from 0.00 to 224.31 once repaired,Never use errors='coerce' without reconciling the parsed count against the source count.
DQX00611,DQ-008,COERCION_LOSS,TIER 1,CRITICAL,Quality of Life Value,Hungary,143.26,recoverable value 143.26 is discarded by pd.to_numeric(errors='coerce') with no warning; the column maximum moves from 0.00 to 224.31 once repaired,Never use errors='coerce' without reconciling the parsed count against the source count.
DQX00612,DQ-008,COERCION_LOSS,TIER 1,CRITICAL,Quality of Life Value,Iceland,202.04,recoverable value 202.04 is discarded by pd.to_numeric(errors='coerce') with no warning; the column maximum moves from 0.00 to 224.31 once repaired,Never use errors='coerce' without reconciling the parsed count against the source count.
DQX00613,DQ-008,COERCION_LOSS,TIER 1,CRITICAL,Quality of Life Value,India,124.7,recoverable value 124.70 is discarded by pd.to_numeric(errors='coerce') with no warning; the column maximum moves from 0.00 to 224.31 once repaired,Never use errors='coerce' without reconciling the parsed count against the source count.
DQX00614,DQ-008,COERCION_LOSS,TIER 1,CRITICAL,Quality of Life Value,Indonesia,99.98,recoverable value 99.98 is discarded by pd.to_numeric(errors='coerce') with no warning; the column maximum moves from 0.00 to 224.31 once repaired,Never use errors='coerce' without reconciling the parsed count against the source count.
DQX00615,DQ-008,COERCION_LOSS,TIER 1,CRITICAL,Quality of Life Value,Iran,85.42,recoverable value 85.42 is discarded by pd.to_numeric(errors='coerce') with no warning; the column maximum moves from 0.00 to 224.31 once repaired,Never use errors='coerce' without reconciling the parsed count against the source count.
DQX00616,DQ-008,COERCION_LOSS,TIER 1,CRITICAL,Quality of Life Value,Iraq,107.76,recoverable value 107.76 is discarded by pd.to_numeric(errors='coerce') with no warning; the column maximum moves from 0.00 to 224.31 once repaired,Never use errors='coerce' without reconciling the parsed count against the source count.
DQX00617,DQ-008,COERCION_LOSS,TIER 1,CRITICAL,Quality of Life Value,Ireland,166.37,recoverable value 166.37 is discarded by pd.to_numeric(errors='coerce') with no warning; the column maximum moves from 0.00 to 224.31 once repaired,Never use errors='coerce' without reconciling the parsed count against the source count.
DQX00618,DQ-008,COERCION_LOSS,TIER 1,CRITICAL,Quality of Life Value,Israel,161.76,recoverable value 161.76 is discarded by pd.to_numeric(errors='coerce') with no warning; the column maximum moves from 0.00 to 224.31 once repaired,Never use errors='coerce' without reconciling the parsed count against the source count.
DQX00619,DQ-008,COERCION_LOSS,TIER 1,CRITICAL,Quality of Life Value,Italy,151.06,recoverable value 151.06 is discarded by pd.to_numeric(errors='coerce') with no warning; the column maximum moves from 0.00 to 224.31 once repaired,Never use errors='coerce' without reconciling the parsed count against the source count.
DQX00620,DQ-008,COERCION_LOSS,TIER 1,CRITICAL,Quality of Life Value,Jamaica,83.92,recoverable value 83.92 is discarded by pd.to_numeric(errors='coerce') with no warning; the column maximum moves from 0.00 to 224.31 once repaired,Never use errors='coerce' without reconciling the parsed count against the source count.
DQX00621,DQ-008,COERCION_LOSS,TIER 1,CRITICAL,Quality of Life Value,Japan,184.32,recoverable value 184.32 is discarded by pd.to_numeric(errors='coerce') with no warning; the column maximum moves from 0.00 to 224.31 once repaired,Never use errors='coerce' without reconciling the parsed count against the source count.
DQX00622,DQ-008,COERCION_LOSS,TIER 1,CRITICAL,Quality of Life Value,Jordan,125.01,recoverable value 125.01 is discarded by pd.to_numeric(errors='coerce') with no warning; the column maximum moves from 0.00 to 224.31 once repaired,Never use errors='coerce' without reconciling the parsed count against the source count.
DQX00623,DQ-008,COERCION_LOSS,TIER 1,CRITICAL,Quality of Life Value,Kazakhstan,105.92,recoverable value 105.92 is discarded by pd.to_numeric(errors='coerce') with no warning; the column maximum moves from 0.00 to 224.31 once repaired,Never use errors='coerce' without reconciling the parsed count against the source count.
DQX00624,DQ-008,COERCION_LOSS,TIER 1,CRITICAL,Quality of Life Value,Kenya,101.33,recoverable value 101.33 is discarded by pd.to_numeric(errors='coerce') with no warning; the column maximum moves from 0.00 to 224.31 once repaired,Never use errors='coerce' without reconciling the parsed count against the source count.
DQX00625,DQ-008,COERCION_LOSS,TIER 1,CRITICAL,Quality of Life Value,Kosovo (Disputed Territory),130.09,recoverable value 130.09 is discarded by pd.to_numeric(errors='coerce') with no warning; the column maximum moves from 0.00 to 224.31 once repaired,Never use errors='coerce' without reconciling the parsed count against the source count.
DQX00626,DQ-008,COERCION_LOSS,TIER 1,CRITICAL,Quality of Life Value,Kuwait,159.55,recoverable value 159.55 is discarded by pd.to_numeric(errors='coerce') with no warning; the column maximum moves from 0.00 to 224.31 once repaired,Never use errors='coerce' without reconciling the parsed count against the source count.
DQX00627,DQ-008,COERCION_LOSS,TIER 1,CRITICAL,Quality of Life Value,Kyrgyzstan,98.32,recoverable value 98.32 is discarded by pd.to_numeric(errors='coerce') with no warning; the column maximum moves from 0.00 to 224.31 once repaired,Never use errors='coerce' without reconciling the parsed count against the source count.
DQX00628,DQ-008,COERCION_LOSS,TIER 1,CRITICAL,Quality of Life Value,Latvia,164.22,recoverable value 164.22 is discarded by pd.to_numeric(errors='coerce') with no warning; the column maximum moves from 0.00 to 224.31 once repaired,Never use errors='coerce' without reconciling the parsed count against the source count.
DQX00629,DQ-008,COERCION_LOSS,TIER 1,CRITICAL,Quality of Life Value,Lebanon,98.43,recoverable value 98.43 is discarded by pd.to_numeric(errors='coerce') with no warning; the column maximum moves from 0.00 to 224.31 once repaired,Never use errors='coerce' without reconciling the parsed count against the source count.
DQX00630,DQ-008,COERCION_LOSS,TIER 1,CRITICAL,Quality of Life Value,Libya,134.14,recoverable value 134.14 is discarded by pd.to_numeric(errors='coerce') with no warning; the column maximum moves from 0.00 to 224.31 once repaired,Never use errors='coerce' without reconciling the parsed count against the source count.
DQX00631,DQ-008,COERCION_LOSS,TIER 1,CRITICAL,Quality of Life Value,Lithuania,172.77,recoverable value 172.77 is discarded by pd.to_numeric(errors='coerce') with no warning; the column maximum moves from 0.00 to 224.31 once repaired,Never use errors='coerce' without reconciling the parsed count against the source count.
DQX00632,DQ-008,COERCION_LOSS,TIER 1,CRITICAL,Quality of Life Value,Luxembourg,224.31,recoverable value 224.31 is discarded by pd.to_numeric(errors='coerce') with no warning; the column maximum moves from 0.00 to 224.31 once repaired,Never use errors='coerce' without reconciling the parsed count against the source count.
DQX00633,DQ-008,COERCION_LOSS,TIER 1,CRITICAL,Quality of Life Value,Macao (China),149.76,recoverable value 149.76 is discarded by pd.to_numeric(errors='coerce') with no warning; the column maximum moves from 0.00 to 224.31 once repaired,Never use errors='coerce' without reconciling the parsed count against the source count.
DQX00634,DQ-008,COERCION_LOSS,TIER 1,CRITICAL,Quality of Life Value,Malaysia,136.22,recoverable value 136.22 is discarded by pd.to_numeric(errors='coerce') with no warning; the column maximum moves from 0.00 to 224.31 once repaired,Never use errors='coerce' without reconciling the parsed count against the source count.
DQX00635,DQ-008,COERCION_LOSS,TIER 1,CRITICAL,Quality of Life Value,Malta,132.54,recoverable value 132.54 is discarded by pd.to_numeric(errors='coerce') with no warning; the column maximum moves from 0.00 to 224.31 once repaired,Never use errors='coerce' without reconciling the parsed count against the source count.
DQX00636,DQ-008,COERCION_LOSS,TIER 1,CRITICAL,Quality of Life Value,Mexico,127.02,recoverable value 127.02 is discarded by pd.to_numeric(errors='coerce') with no warning; the column maximum moves from 0.00 to 224.31 once repaired,Never use errors='coerce' without reconciling the parsed count against the source count.
DQX00637,DQ-008,COERCION_LOSS,TIER 1,CRITICAL,Quality of Life Value,Moldova,122.53,recoverable value 122.53 is discarded by pd.to_numeric(errors='coerce') with no warning; the column maximum moves from 0.00 to 224.31 once repaired,Never use errors='coerce' without reconciling the parsed count against the source count.
DQX00638,DQ-008,COERCION_LOSS,TIER 1,CRITICAL,Quality of Life Value,Mongolia,62.52,recoverable value 62.52 is discarded by pd.to_numeric(errors='coerce') with no warning; the column maximum moves from 0.00 to 224.31 once repaired,Never use errors='coerce' without reconciling the parsed count against the source count.
DQX00639,DQ-008,COERCION_LOSS,TIER 1,CRITICAL,Quality of Life Value,Montenegro,147.33,recoverable value 147.33 is discarded by pd.to_numeric(errors='coerce') with no warning; the column maximum moves from 0.00 to 224.31 once repaired,Never use errors='coerce' without reconciling the parsed count against the source count.
DQX00640,DQ-008,COERCION_LOSS,TIER 1,CRITICAL,Quality of Life Value,Morocco,110.96,recoverable value 110.96 is discarded by pd.to_numeric(errors='coerce') with no warning; the column maximum moves from 0.00 to 224.31 once repaired,Never use errors='coerce' without reconciling the parsed count against the source count.
DQX00641,DQ-008,COERCION_LOSS,TIER 1,CRITICAL,Quality of Life Value,Nepal,88.97,recoverable value 88.97 is discarded by pd.to_numeric(errors='coerce') with no warning; the column maximum moves from 0.00 to 224.31 once repaired,Never use errors='coerce' without reconciling the parsed count against the source count.
DQX00642,DQ-008,COERCION_LOSS,TIER 1,CRITICAL,Quality of Life Value,Netherlands,211.85,recoverable value 211.85 is discarded by pd.to_numeric(errors='coerce') with no warning; the column maximum moves from 0.00 to 224.31 once repaired,Never use errors='coerce' without reconciling the parsed count against the source count.
DQX00643,DQ-008,COERCION_LOSS,TIER 1,CRITICAL,Quality of Life Value,New Zealand,186.57,recoverable value 186.57 is discarded by pd.to_numeric(errors='coerce') with no warning; the column maximum moves from 0.00 to 224.31 once repaired,Never use errors='coerce' without reconciling the parsed count against the source count.
DQX00644,DQ-008,COERCION_LOSS,TIER 1,CRITICAL,Quality of Life Value,Nigeria,41.24,recoverable value 41.24 is discarded by pd.to_numeric(errors='coerce') with no warning; the column maximum moves from 0.00 to 224.31 once repaired,Never use errors='coerce' without reconciling the parsed count against the source count.
DQX00645,DQ-008,COERCION_LOSS,TIER 1,CRITICAL,Quality of Life Value,North Macedonia,119.96,recoverable value 119.96 is discarded by pd.to_numeric(errors='coerce') with no warning; the column maximum moves from 0.00 to 224.31 once repaired,Never use errors='coerce' without reconciling the parsed count against the source count.
DQX00646,DQ-008,COERCION_LOSS,TIER 1,CRITICAL,Quality of Life Value,Norway,194.48,recoverable value 194.48 is discarded by pd.to_numeric(errors='coerce') with no warning; the column maximum moves from 0.00 to 224.31 once repaired,Never use errors='coerce' without reconciling the parsed count against the source count.
DQX00647,DQ-008,COERCION_LOSS,TIER 1,CRITICAL,Quality of Life Value,Oman,213.42,recoverable value 213.42 is discarded by pd.to_numeric(errors='coerce') with no warning; the column maximum moves from 0.00 to 224.31 once repaired,Never use errors='coerce' without reconciling the parsed count against the source count.
DQX00648,DQ-008,COERCION_LOSS,TIER 1,CRITICAL,Quality of Life Value,Pakistan,104.14,recoverable value 104.14 is discarded by pd.to_numeric(errors='coerce') with no warning; the column maximum moves from 0.00 to 224.31 once repaired,Never use errors='coerce' without reconciling the parsed count against the source count.
DQX00649,DQ-008,COERCION_LOSS,TIER 1,CRITICAL,Quality of Life Value,Panama,122.74,recoverable value 122.74 is discarded by pd.to_numeric(errors='coerce') with no warning; the column maximum moves from 0.00 to 224.31 once repaired,Never use errors='coerce' without reconciling the parsed count against the source count.
DQX00650,DQ-008,COERCION_LOSS,TIER 1,CRITICAL,Quality of Life Value,Paraguay,109.45,recoverable value 109.45 is discarded by pd.to_numeric(errors='coerce') with no warning; the column maximum moves from 0.00 to 224.31 once repaired,Never use errors='coerce' without reconciling the parsed count against the source count.
DQX00651,DQ-008,COERCION_LOSS,TIER 1,CRITICAL,Quality of Life Value,Peru,85.92,recoverable value 85.92 is discarded by pd.to_numeric(errors='coerce') with no warning; the column maximum moves from 0.00 to 224.31 once repaired,Never use errors='coerce' without reconciling the parsed count against the source count.
DQX00652,DQ-008,COERCION_LOSS,TIER 1,CRITICAL,Quality of Life Value,Philippines,96.95,recoverable value 96.95 is discarded by pd.to_numeric(errors='coerce') with no warning; the column maximum moves from 0.00 to 224.31 once repaired,Never use errors='coerce' without reconciling the parsed count against the source count.
DQX00653,DQ-008,COERCION_LOSS,TIER 1,CRITICAL,Quality of Life Value,Poland,153.6,recoverable value 153.60 is discarded by pd.to_numeric(errors='coerce') with no warning; the column maximum moves from 0.00 to 224.31 once repaired,Never use errors='coerce' without reconciling the parsed count against the source count.
DQX00654,DQ-008,COERCION_LOSS,TIER 1,CRITICAL,Quality of Life Value,Portugal,168.85,recoverable value 168.85 is discarded by pd.to_numeric(errors='coerce') with no warning; the column maximum moves from 0.00 to 224.31 once repaired,Never use errors='coerce' without reconciling the parsed count against the source count.
DQX00655,DQ-008,COERCION_LOSS,TIER 1,CRITICAL,Quality of Life Value,Qatar,192.73,recoverable value 192.73 is discarded by pd.to_numeric(errors='coerce') with no warning; the column maximum moves from 0.00 to 224.31 once repaired,Never use errors='coerce' without reconciling the parsed count against the source count.
DQX00656,DQ-008,COERCION_LOSS,TIER 1,CRITICAL,Quality of Life Value,Romania,142.14,recoverable value 142.14 is discarded by pd.to_numeric(errors='coerce') with no warning; the column maximum moves from 0.00 to 224.31 once repaired,Never use errors='coerce' without reconciling the parsed count against the source count.
DQX00657,DQ-008,COERCION_LOSS,TIER 1,CRITICAL,Quality of Life Value,Russia,113.56,recoverable value 113.56 is discarded by pd.to_numeric(errors='coerce') with no warning; the column maximum moves from 0.00 to 224.31 once repaired,Never use errors='coerce' without reconciling the parsed count against the source count.
DQX00658,DQ-008,COERCION_LOSS,TIER 1,CRITICAL,Quality of Life Value,Rwanda,0.0,recoverable value 0.00 is discarded by pd.to_numeric(errors='coerce') with no warning; the column maximum moves from 0.00 to 224.31 once repaired,Never use errors='coerce' without reconciling the parsed count against the source count.
DQX00659,DQ-008,COERCION_LOSS,TIER 1,CRITICAL,Quality of Life Value,Saudi Arabia,173.2,recoverable value 173.20 is discarded by pd.to_numeric(errors='coerce') with no warning; the column maximum moves from 0.00 to 224.31 once repaired,Never use errors='coerce' without reconciling the parsed count against the source count.
DQX00660,DQ-008,COERCION_LOSS,TIER 1,CRITICAL,Quality of Life Value,Serbia,123.62,recoverable value 123.62 is discarded by pd.to_numeric(errors='coerce') with no warning; the column maximum moves from 0.00 to 224.31 once repaired,Never use errors='coerce' without reconciling the parsed count against the source count.
DQX00661,DQ-008,COERCION_LOSS,TIER 1,CRITICAL,Quality of Life Value,Singapore,157.13,recoverable value 157.13 is discarded by pd.to_numeric(errors='coerce') with no warning; the column maximum moves from 0.00 to 224.31 once repaired,Never use errors='coerce' without reconciling the parsed count against the source count.
DQX00662,DQ-008,COERCION_LOSS,TIER 1,CRITICAL,Quality of Life Value,Slovakia,157.96,recoverable value 157.96 is discarded by pd.to_numeric(errors='coerce') with no warning; the column maximum moves from 0.00 to 224.31 once repaired,Never use errors='coerce' without reconciling the parsed count against the source count.
DQX00663,DQ-008,COERCION_LOSS,TIER 1,CRITICAL,Quality of Life Value,Slovenia,178.94,recoverable value 178.94 is discarded by pd.to_numeric(errors='coerce') with no warning; the column maximum moves from 0.00 to 224.31 once repaired,Never use errors='coerce' without reconciling the parsed count against the source count.
DQX00664,DQ-008,COERCION_LOSS,TIER 1,CRITICAL,Quality of Life Value,South Africa,155.84,recoverable value 155.84 is discarded by pd.to_numeric(errors='coerce') with no warning; the column maximum moves from 0.00 to 224.31 once repaired,Never use errors='coerce' without reconciling the parsed count against the source count.
DQX00665,DQ-008,COERCION_LOSS,TIER 1,CRITICAL,Quality of Life Value,South Korea,148.74,recoverable value 148.74 is discarded by pd.to_numeric(errors='coerce') with no warning; the column maximum moves from 0.00 to 224.31 once repaired,Never use errors='coerce' without reconciling the parsed count against the source count.
DQX00666,DQ-008,COERCION_LOSS,TIER 1,CRITICAL,Quality of Life Value,Spain,184.67,recoverable value 184.67 is discarded by pd.to_numeric(errors='coerce') with no warning; the column maximum moves from 0.00 to 224.31 once repaired,Never use errors='coerce' without reconciling the parsed count against the source count.
DQX00667,DQ-008,COERCION_LOSS,TIER 1,CRITICAL,Quality of Life Value,Sri Lanka,75.17,recoverable value 75.17 is discarded by pd.to_numeric(errors='coerce') with no warning; the column maximum moves from 0.00 to 224.31 once repaired,Never use errors='coerce' without reconciling the parsed count against the source count.
DQX00668,DQ-008,COERCION_LOSS,TIER 1,CRITICAL,Quality of Life Value,Sweden,193.48,recoverable value 193.48 is discarded by pd.to_numeric(errors='coerce') with no warning; the column maximum moves from 0.00 to 224.31 once repaired,Never use errors='coerce' without reconciling the parsed count against the source count.
DQX00669,DQ-008,COERCION_LOSS,TIER 1,CRITICAL,Quality of Life Value,Switzerland,204.91,recoverable value 204.91 is discarded by pd.to_numeric(errors='coerce') with no warning; the column maximum moves from 0.00 to 224.31 once repaired,Never use errors='coerce' without reconciling the parsed count against the source count.
DQX00670,DQ-008,COERCION_LOSS,TIER 1,CRITICAL,Quality of Life Value,Taiwan,160.18,recoverable value 160.18 is discarded by pd.to_numeric(errors='coerce') with no warning; the column maximum moves from 0.00 to 224.31 once repaired,Never use errors='coerce' without reconciling the parsed count against the source count.
DQX00671,DQ-008,COERCION_LOSS,TIER 1,CRITICAL,Quality of Life Value,Tanzania,0.0,recoverable value 0.00 is discarded by pd.to_numeric(errors='coerce') with no warning; the column maximum moves from 0.00 to 224.31 once repaired,Never use errors='coerce' without reconciling the parsed count against the source count.
DQX00672,DQ-008,COERCION_LOSS,TIER 1,CRITICAL,Quality of Life Value,Thailand,105.37,recoverable value 105.37 is discarded by pd.to_numeric(errors='coerce') with no warning; the column maximum moves from 0.00 to 224.31 once repaired,Never use errors='coerce' without reconciling the parsed count against the source count.
DQX00673,DQ-008,COERCION_LOSS,TIER 1,CRITICAL,Quality of Life Value,Trinidad And Tobago,84.52,recoverable value 84.52 is discarded by pd.to_numeric(errors='coerce') with no warning; the column maximum moves from 0.00 to 224.31 once repaired,Never use errors='coerce' without reconciling the parsed count against the source count.
DQX00674,DQ-008,COERCION_LOSS,TIER 1,CRITICAL,Quality of Life Value,Tunisia,115.44,recoverable value 115.44 is discarded by pd.to_numeric(errors='coerce') with no warning; the column maximum moves from 0.00 to 224.31 once repaired,Never use errors='coerce' without reconciling the parsed count against the source count.
DQX00675,DQ-008,COERCION_LOSS,TIER 1,CRITICAL,Quality of Life Value,Turkey,130.42,recoverable value 130.42 is discarded by pd.to_numeric(errors='coerce') with no warning; the column maximum moves from 0.00 to 224.31 once repaired,Never use errors='coerce' without reconciling the parsed count against the source count.
DQX00676,DQ-008,COERCION_LOSS,TIER 1,CRITICAL,Quality of Life Value,Uganda,0.0,recoverable value 0.00 is discarded by pd.to_numeric(errors='coerce') with no warning; the column maximum moves from 0.00 to 224.31 once repaired,Never use errors='coerce' without reconciling the parsed count against the source count.
DQX00677,DQ-008,COERCION_LOSS,TIER 1,CRITICAL,Quality of Life Value,Ukraine,114.78,recoverable value 114.78 is discarded by pd.to_numeric(errors='coerce') with no warning; the column maximum moves from 0.00 to 224.31 once repaired,Never use errors='coerce' without reconciling the parsed count against the source count.
DQX00678,DQ-008,COERCION_LOSS,TIER 1,CRITICAL,Quality of Life Value,United Arab Emirates,176.65,recoverable value 176.65 is discarded by pd.to_numeric(errors='coerce') with no warning; the column maximum moves from 0.00 to 224.31 once repaired,Never use errors='coerce' without reconciling the parsed count against the source count.
DQX00679,DQ-008,COERCION_LOSS,TIER 1,CRITICAL,Quality of Life Value,United Kingdom,175.2,recoverable value 175.20 is discarded by pd.to_numeric(errors='coerce') with no warning; the column maximum moves from 0.00 to 224.31 once repaired,Never use errors='coerce' without reconciling the parsed count against the source count.
DQX00680,DQ-008,COERCION_LOSS,TIER 1,CRITICAL,Quality of Life Value,United States,189.14,recoverable value 189.14 is discarded by pd.to_numeric(errors='coerce') with no warning; the column maximum moves from 0.00 to 224.31 once repaired,Never use errors='coerce' without reconciling the parsed count against the source count.
DQX00681,DQ-008,COERCION_LOSS,TIER 1,CRITICAL,Quality of Life Value,Uruguay,141.6,recoverable value 141.60 is discarded by pd.to_numeric(errors='coerce') with no warning; the column maximum moves from 0.00 to 224.31 once repaired,Never use errors='coerce' without reconciling the parsed count against the source count.
DQX00682,DQ-008,COERCION_LOSS,TIER 1,CRITICAL,Quality of Life Value,Uzbekistan,133.78,recoverable value 133.78 is discarded by pd.to_numeric(errors='coerce') with no warning; the column maximum moves from 0.00 to 224.31 once repaired,Never use errors='coerce' without reconciling the parsed count against the source count.
DQX00683,DQ-008,COERCION_LOSS,TIER 1,CRITICAL,Quality of Life Value,Vietnam,97.18,recoverable value 97.18 is discarded by pd.to_numeric(errors='coerce') with no warning; the column maximum moves from 0.00 to 224.31 once repaired,Never use errors='coerce' without reconciling the parsed count against the source count.
DQX00684,DQ-008,COERCION_LOSS,TIER 1,CRITICAL,Quality of Life Value,Zimbabwe,94.2,recoverable value 94.20 is discarded by pd.to_numeric(errors='coerce') with no warning; the column maximum moves from 0.00 to 224.31 once repaired,Never use errors='coerce' without reconciling the parsed count against the source count.
DQX00423,DQ-002,EMBEDDED_PREFIX,TIER 2,HIGH,Quality of Life Value,Albania,: 104.16,numeric value stored as text behind a non-numeric prefix; forces the whole column to object dtype,"Strip the prefix with a whitelist regex, then parse; reject anything still unparseable."
DQX00424,DQ-002,EMBEDDED_PREFIX,TIER 2,HIGH,Quality of Life Value,Algeria,: 98.83,numeric value stored as text behind a non-numeric prefix; forces the whole column to object dtype,"Strip the prefix with a whitelist regex, then parse; reject anything still unparseable."
DQX00425,DQ-002,EMBEDDED_PREFIX,TIER 2,HIGH,Quality of Life Value,Argentina,: 115.06,numeric value stored as text behind a non-numeric prefix; forces the whole column to object dtype,"Strip the prefix with a whitelist regex, then parse; reject anything still unparseable."
DQX00426,DQ-002,EMBEDDED_PREFIX,TIER 2,HIGH,Quality of Life Value,Armenia,: 116.56,numeric value stored as text behind a non-numeric prefix; forces the whole column to object dtype,"Strip the prefix with a whitelist regex, then parse; reject anything still unparseable."
DQX00427,DQ-002,EMBEDDED_PREFIX,TIER 2,HIGH,Quality of Life Value,Australia,: 190.69,numeric value stored as text behind a non-numeric prefix; forces the whole column to object dtype,"Strip the prefix with a whitelist regex, then parse; reject anything still unparseable."
DQX00428,DQ-002,EMBEDDED_PREFIX,TIER 2,HIGH,Quality of Life Value,Austria,: 192.07,numeric value stored as text behind a non-numeric prefix; forces the whole column to object dtype,"Strip the prefix with a whitelist regex, then parse; reject anything still unparseable."
DQX00429,DQ-002,EMBEDDED_PREFIX,TIER 2,HIGH,Quality of Life Value,Azerbaijan,: 113.51,numeric value stored as text behind a non-numeric prefix; forces the whole column to object dtype,"Strip the prefix with a whitelist regex, then parse; reject anything still unparseable."
DQX00430,DQ-002,EMBEDDED_PREFIX,TIER 2,HIGH,Quality of Life Value,Bahrain,: 158.68,numeric value stored as text behind a non-numeric prefix; forces the whole column to object dtype,"Strip the prefix with a whitelist regex, then parse; reject anything still unparseable."
DQX00431,DQ-002,EMBEDDED_PREFIX,TIER 2,HIGH,Quality of Life Value,Bangladesh,: 74.51,numeric value stored as text behind a non-numeric prefix; forces the whole column to object dtype,"Strip the prefix with a whitelist regex, then parse; reject anything still unparseable."
DQX00432,DQ-002,EMBEDDED_PREFIX,TIER 2,HIGH,Quality of Life Value,Belarus,: 127.48,numeric value stored as text behind a non-numeric prefix; forces the whole column to object dtype,"Strip the prefix with a whitelist regex, then parse; reject anything still unparseable."
DQX00433,DQ-002,EMBEDDED_PREFIX,TIER 2,HIGH,Quality of Life Value,Belgium,: 168.52,numeric value stored as text behind a non-numeric prefix; forces the whole column to object dtype,"Strip the prefix with a whitelist regex, then parse; reject anything still unparseable."
DQX00434,DQ-002,EMBEDDED_PREFIX,TIER 2,HIGH,Quality of Life Value,Bosnia And Herzegovina,: 134.51,numeric value stored as text behind a non-numeric prefix; forces the whole column to object dtype,"Strip the prefix with a whitelist regex, then parse; reject anything still unparseable."
DQX00435,DQ-002,EMBEDDED_PREFIX,TIER 2,HIGH,Quality of Life Value,Botswana,: 36.55,numeric value stored as text behind a non-numeric prefix; forces the whole column to object dtype,"Strip the prefix with a whitelist regex, then parse; reject anything still unparseable."
DQX00436,DQ-002,EMBEDDED_PREFIX,TIER 2,HIGH,Quality of Life Value,Brazil,: 115.99,numeric value stored as text behind a non-numeric prefix; forces the whole column to object dtype,"Strip the prefix with a whitelist regex, then parse; reject anything still unparseable."
DQX00437,DQ-002,EMBEDDED_PREFIX,TIER 2,HIGH,Quality of Life Value,Bulgaria,: 144.49,numeric value stored as text behind a non-numeric prefix; forces the whole column to object dtype,"Strip the prefix with a whitelist regex, then parse; reject anything still unparseable."
DQX00438,DQ-002,EMBEDDED_PREFIX,TIER 2,HIGH,Quality of Life Value,Cambodia,: 78.92,numeric value stored as text behind a non-numeric prefix; forces the whole column to object dtype,"Strip the prefix with a whitelist regex, then parse; reject anything still unparseable."
DQX00439,DQ-002,EMBEDDED_PREFIX,TIER 2,HIGH,Quality of Life Value,Canada,: 164.54,numeric value stored as text behind a non-numeric prefix; forces the whole column to object dtype,"Strip the prefix with a whitelist regex, then parse; reject anything still unparseable."
DQX00440,DQ-002,EMBEDDED_PREFIX,TIER 2,HIGH,Quality of Life Value,Chile,: 106.49,numeric value stored as text behind a non-numeric prefix; forces the whole column to object dtype,"Strip the prefix with a whitelist regex, then parse; reject anything still unparseable."
DQX00441,DQ-002,EMBEDDED_PREFIX,TIER 2,HIGH,Quality of Life Value,China,: 120.52,numeric value stored as text behind a non-numeric prefix; forces the whole column to object dtype,"Strip the prefix with a whitelist regex, then parse; reject anything still unparseable."
DQX00442,DQ-002,EMBEDDED_PREFIX,TIER 2,HIGH,Quality of Life Value,Colombia,: 107.90,numeric value stored as text behind a non-numeric prefix; forces the whole column to object dtype,"Strip the prefix with a whitelist regex, then parse; reject anything still unparseable."
DQX00443,DQ-002,EMBEDDED_PREFIX,TIER 2,HIGH,Quality of Life Value,Costa Rica,: 129.35,numeric value stored as text behind a non-numeric prefix; forces the whole column to object dtype,"Strip the prefix with a whitelist regex, then parse; reject anything still unparseable."
DQX00444,DQ-002,EMBEDDED_PREFIX,TIER 2,HIGH,Quality of Life Value,Croatia,: 176.02,numeric value stored as text behind a non-numeric prefix; forces the whole column to object dtype,"Strip the prefix with a whitelist regex, then parse; reject anything still unparseable."
DQX00445,DQ-002,EMBEDDED_PREFIX,TIER 2,HIGH,Quality of Life Value,Cyprus,: 158.84,numeric value stored as text behind a non-numeric prefix; forces the whole column to object dtype,"Strip the prefix with a whitelist regex, then parse; reject anything still unparseable."
DQX00446,DQ-002,EMBEDDED_PREFIX,TIER 2,HIGH,Quality of Life Value,Czech Republic,: 174.21,numeric value stored as text behind a non-numeric prefix; forces the whole column to object dtype,"Strip the prefix with a whitelist regex, then parse; reject anything still unparseable."
DQX00447,DQ-002,EMBEDDED_PREFIX,TIER 2,HIGH,Quality of Life Value,Denmark,: 208.65,numeric value stored as text behind a non-numeric prefix; forces the whole column to object dtype,"Strip the prefix with a whitelist regex, then parse; reject anything still unparseable."
DQX00448,DQ-002,EMBEDDED_PREFIX,TIER 2,HIGH,Quality of Life Value,Dominican Republic,: 89.09,numeric value stored as text behind a non-numeric prefix; forces the whole column to object dtype,"Strip the prefix with a whitelist regex, then parse; reject anything still unparseable."
DQX00449,DQ-002,EMBEDDED_PREFIX,TIER 2,HIGH,Quality of Life Value,Ecuador,: 125.58,numeric value stored as text behind a non-numeric prefix; forces the whole column to object dtype,"Strip the prefix with a whitelist regex, then parse; reject anything still unparseable."
DQX00450,DQ-002,EMBEDDED_PREFIX,TIER 2,HIGH,Quality of Life Value,Egypt,: 85.41,numeric value stored as text behind a non-numeric prefix; forces the whole column to object dtype,"Strip the prefix with a whitelist regex, then parse; reject anything still unparseable."
DQX00451,DQ-002,EMBEDDED_PREFIX,TIER 2,HIGH,Quality of Life Value,El Salvador,: 93.05,numeric value stored as text behind a non-numeric prefix; forces the whole column to object dtype,"Strip the prefix with a whitelist regex, then parse; reject anything still unparseable."
DQX00452,DQ-002,EMBEDDED_PREFIX,TIER 2,HIGH,Quality of Life Value,Estonia,: 185.10,numeric value stored as text behind a non-numeric prefix; forces the whole column to object dtype,"Strip the prefix with a whitelist regex, then parse; reject anything still unparseable."
DQX00453,DQ-002,EMBEDDED_PREFIX,TIER 2,HIGH,Quality of Life Value,Ethiopia,: 48.88,numeric value stored as text behind a non-numeric prefix; forces the whole column to object dtype,"Strip the prefix with a whitelist regex, then parse; reject anything still unparseable."
DQX00454,DQ-002,EMBEDDED_PREFIX,TIER 2,HIGH,Quality of Life Value,Fiji,: 122.12,numeric value stored as text behind a non-numeric prefix; forces the whole column to object dtype,"Strip the prefix with a whitelist regex, then parse; reject anything still unparseable."
DQX00455,DQ-002,EMBEDDED_PREFIX,TIER 2,HIGH,Quality of Life Value,Finland,: 203.06,numeric value stored as text behind a non-numeric prefix; forces the whole column to object dtype,"Strip the prefix with a whitelist regex, then parse; reject anything still unparseable."
DQX00456,DQ-002,EMBEDDED_PREFIX,TIER 2,HIGH,Quality of Life Value,France,: 165.08,numeric value stored as text behind a non-numeric prefix; forces the whole column to object dtype,"Strip the prefix with a whitelist regex, then parse; reject anything still unparseable."
DQX00457,DQ-002,EMBEDDED_PREFIX,TIER 2,HIGH,Quality of Life Value,Georgia,: 125.48,numeric value stored as text behind a non-numeric prefix; forces the whole column to object dtype,"Strip the prefix with a whitelist regex, then parse; reject anything still unparseable."
DQX00458,DQ-002,EMBEDDED_PREFIX,TIER 2,HIGH,Quality of Life Value,Germany,: 189.75,numeric value stored as text behind a non-numeric prefix; forces the whole column to object dtype,"Strip the prefix with a whitelist regex, then parse; reject anything still unparseable."
DQX00459,DQ-002,EMBEDDED_PREFIX,TIER 2,HIGH,Quality of Life Value,Ghana,: 17.47,numeric value stored as text behind a non-numeric prefix; forces the whole column to object dtype,"Strip the prefix with a whitelist regex, then parse; reject anything still unparseable."
DQX00460,DQ-002,EMBEDDED_PREFIX,TIER 2,HIGH,Quality of Life Value,Greece,: 136.83,numeric value stored as text behind a non-numeric prefix; forces the whole column to object dtype,"Strip the prefix with a whitelist regex, then parse; reject anything still unparseable."
DQX00461,DQ-002,EMBEDDED_PREFIX,TIER 2,HIGH,Quality of Life Value,Guatemala,: 107.92,numeric value stored as text behind a non-numeric prefix; forces the whole column to object dtype,"Strip the prefix with a whitelist regex, then parse; reject anything still unparseable."
DQX00462,DQ-002,EMBEDDED_PREFIX,TIER 2,HIGH,Quality of Life Value,Hong Kong (China),: 134.04,numeric value stored as text behind a non-numeric prefix; forces the whole column to object dtype,"Strip the prefix with a whitelist regex, then parse; reject anything still unparseable."
DQX00463,DQ-002,EMBEDDED_PREFIX,TIER 2,HIGH,Quality of Life Value,Hungary,: 143.26,numeric value stored as text behind a non-numeric prefix; forces the whole column to object dtype,"Strip the prefix with a whitelist regex, then parse; reject anything still unparseable."
DQX00464,DQ-002,EMBEDDED_PREFIX,TIER 2,HIGH,Quality of Life Value,Iceland,: 202.04,numeric value stored as text behind a non-numeric prefix; forces the whole column to object dtype,"Strip the prefix with a whitelist regex, then parse; reject anything still unparseable."
DQX00465,DQ-002,EMBEDDED_PREFIX,TIER 2,HIGH,Quality of Life Value,India,: 124.70,numeric value stored as text behind a non-numeric prefix; forces the whole column to object dtype,"Strip the prefix with a whitelist regex, then parse; reject anything still unparseable."
DQX00466,DQ-002,EMBEDDED_PREFIX,TIER 2,HIGH,Quality of Life Value,Indonesia,: 99.98,numeric value stored as text behind a non-numeric prefix; forces the whole column to object dtype,"Strip the prefix with a whitelist regex, then parse; reject anything still unparseable."
DQX00467,DQ-002,EMBEDDED_PREFIX,TIER 2,HIGH,Quality of Life Value,Iran,: 85.42,numeric value stored as text behind a non-numeric prefix; forces the whole column to object dtype,"Strip the prefix with a whitelist regex, then parse; reject anything still unparseable."
DQX00468,DQ-002,EMBEDDED_PREFIX,TIER 2,HIGH,Quality of Life Value,Iraq,: 107.76,numeric value stored as text behind a non-numeric prefix; forces the whole column to object dtype,"Strip the prefix with a whitelist regex, then parse; reject anything still unparseable."
DQX00469,DQ-002,EMBEDDED_PREFIX,TIER 2,HIGH,Quality of Life Value,Ireland,: 166.37,numeric value stored as text behind a non-numeric prefix; forces the whole column to object dtype,"Strip the prefix with a whitelist regex, then parse; reject anything still unparseable."
DQX00470,DQ-002,EMBEDDED_PREFIX,TIER 2,HIGH,Quality of Life Value,Israel,: 161.76,numeric value stored as text behind a non-numeric prefix; forces the whole column to object dtype,"Strip the prefix with a whitelist regex, then parse; reject anything still unparseable."
DQX00471,DQ-002,EMBEDDED_PREFIX,TIER 2,HIGH,Quality of Life Value,Italy,: 151.06,numeric value stored as text behind a non-numeric prefix; forces the whole column to object dtype,"Strip the prefix with a whitelist regex, then parse; reject anything still unparseable."
DQX00472,DQ-002,EMBEDDED_PREFIX,TIER 2,HIGH,Quality of Life Value,Jamaica,: 83.92,numeric value stored as text behind a non-numeric prefix; forces the whole column to object dtype,"Strip the prefix with a whitelist regex, then parse; reject anything still unparseable."
DQX00473,DQ-002,EMBEDDED_PREFIX,TIER 2,HIGH,Quality of Life Value,Japan,: 184.32,numeric value stored as text behind a non-numeric prefix; forces the whole column to object dtype,"Strip the prefix with a whitelist regex, then parse; reject anything still unparseable."
DQX00474,DQ-002,EMBEDDED_PREFIX,TIER 2,HIGH,Quality of Life Value,Jordan,: 125.01,numeric value stored as text behind a non-numeric prefix; forces the whole column to object dtype,"Strip the prefix with a whitelist regex, then parse; reject anything still unparseable."
DQX00475,DQ-002,EMBEDDED_PREFIX,TIER 2,HIGH,Quality of Life Value,Kazakhstan,: 105.92,numeric value stored as text behind a non-numeric prefix; forces the whole column to object dtype,"Strip the prefix with a whitelist regex, then parse; reject anything still unparseable."
DQX00476,DQ-002,EMBEDDED_PREFIX,TIER 2,HIGH,Quality of Life Value,Kenya,: 101.33,numeric value stored as text behind a non-numeric prefix; forces the whole column to object dtype,"Strip the prefix with a whitelist regex, then parse; reject anything still unparseable."
DQX00477,DQ-002,EMBEDDED_PREFIX,TIER 2,HIGH,Quality of Life Value,Kosovo (Disputed Territory),: 130.09,numeric value stored as text behind a non-numeric prefix; forces the whole column to object dtype,"Strip the prefix with a whitelist regex, then parse; reject anything still unparseable."
DQX00478,DQ-002,EMBEDDED_PREFIX,TIER 2,HIGH,Quality of Life Value,Kuwait,: 159.55,numeric value stored as text behind a non-numeric prefix; forces the whole column to object dtype,"Strip the prefix with a whitelist regex, then parse; reject anything still unparseable."
DQX00479,DQ-002,EMBEDDED_PREFIX,TIER 2,HIGH,Quality of Life Value,Kyrgyzstan,: 98.32,numeric value stored as text behind a non-numeric prefix; forces the whole column to object dtype,"Strip the prefix with a whitelist regex, then parse; reject anything still unparseable."
DQX00480,DQ-002,EMBEDDED_PREFIX,TIER 2,HIGH,Quality of Life Value,Latvia,: 164.22,numeric value stored as text behind a non-numeric prefix; forces the whole column to object dtype,"Strip the prefix with a whitelist regex, then parse; reject anything still unparseable."
DQX00481,DQ-002,EMBEDDED_PREFIX,TIER 2,HIGH,Quality of Life Value,Lebanon,: 98.43,numeric value stored as text behind a non-numeric prefix; forces the whole column to object dtype,"Strip the prefix with a whitelist regex, then parse; reject anything still unparseable."
DQX00482,DQ-002,EMBEDDED_PREFIX,TIER 2,HIGH,Quality of Life Value,Libya,: 134.14,numeric value stored as text behind a non-numeric prefix; forces the whole column to object dtype,"Strip the prefix with a whitelist regex, then parse; reject anything still unparseable."
DQX00483,DQ-002,EMBEDDED_PREFIX,TIER 2,HIGH,Quality of Life Value,Lithuania,: 172.77,numeric value stored as text behind a non-numeric prefix; forces the whole column to object dtype,"Strip the prefix with a whitelist regex, then parse; reject anything still unparseable."
DQX00484,DQ-002,EMBEDDED_PREFIX,TIER 2,HIGH,Quality of Life Value,Luxembourg,: 224.31,numeric value stored as text behind a non-numeric prefix; forces the whole column to object dtype,"Strip the prefix with a whitelist regex, then parse; reject anything still unparseable."
DQX00485,DQ-002,EMBEDDED_PREFIX,TIER 2,HIGH,Quality of Life Value,Macao (China),: 149.76,numeric value stored as text behind a non-numeric prefix; forces the whole column to object dtype,"Strip the prefix with a whitelist regex, then parse; reject anything still unparseable."
DQX00486,DQ-002,EMBEDDED_PREFIX,TIER 2,HIGH,Quality of Life Value,Malaysia,: 136.22,numeric value stored as text behind a non-numeric prefix; forces the whole column to object dtype,"Strip the prefix with a whitelist regex, then parse; reject anything still unparseable."
DQX00487,DQ-002,EMBEDDED_PREFIX,TIER 2,HIGH,Quality of Life Value,Malta,: 132.54,numeric value stored as text behind a non-numeric prefix; forces the whole column to object dtype,"Strip the prefix with a whitelist regex, then parse; reject anything still unparseable."
DQX00488,DQ-002,EMBEDDED_PREFIX,TIER 2,HIGH,Quality of Life Value,Mexico,: 127.02,numeric value stored as text behind a non-numeric prefix; forces the whole column to object dtype,"Strip the prefix with a whitelist regex, then parse; reject anything still unparseable."
DQX00489,DQ-002,EMBEDDED_PREFIX,TIER 2,HIGH,Quality of Life Value,Moldova,: 122.53,numeric value stored as text behind a non-numeric prefix; forces the whole column to object dtype,"Strip the prefix with a whitelist regex, then parse; reject anything still unparseable."
DQX00490,DQ-002,EMBEDDED_PREFIX,TIER 2,HIGH,Quality of Life Value,Mongolia,: 62.52,numeric value stored as text behind a non-numeric prefix; forces the whole column to object dtype,"Strip the prefix with a whitelist regex, then parse; reject anything still unparseable."
DQX00491,DQ-002,EMBEDDED_PREFIX,TIER 2,HIGH,Quality of Life Value,Montenegro,: 147.33,numeric value stored as text behind a non-numeric prefix; forces the whole column to object dtype,"Strip the prefix with a whitelist regex, then parse; reject anything still unparseable."
DQX00492,DQ-002,EMBEDDED_PREFIX,TIER 2,HIGH,Quality of Life Value,Morocco,: 110.96,numeric value stored as text behind a non-numeric prefix; forces the whole column to object dtype,"Strip the prefix with a whitelist regex, then parse; reject anything still unparseable."
DQX00493,DQ-002,EMBEDDED_PREFIX,TIER 2,HIGH,Quality of Life Value,Nepal,: 88.97,numeric value stored as text behind a non-numeric prefix; forces the whole column to object dtype,"Strip the prefix with a whitelist regex, then parse; reject anything still unparseable."
DQX00494,DQ-002,EMBEDDED_PREFIX,TIER 2,HIGH,Quality of Life Value,Netherlands,: 211.85,numeric value stored as text behind a non-numeric prefix; forces the whole column to object dtype,"Strip the prefix with a whitelist regex, then parse; reject anything still unparseable."
DQX00495,DQ-002,EMBEDDED_PREFIX,TIER 2,HIGH,Quality of Life Value,New Zealand,: 186.57,numeric value stored as text behind a non-numeric prefix; forces the whole column to object dtype,"Strip the prefix with a whitelist regex, then parse; reject anything still unparseable."
DQX00496,DQ-002,EMBEDDED_PREFIX,TIER 2,HIGH,Quality of Life Value,Nigeria,: 41.24,numeric value stored as text behind a non-numeric prefix; forces the whole column to object dtype,"Strip the prefix with a whitelist regex, then parse; reject anything still unparseable."
DQX00497,DQ-002,EMBEDDED_PREFIX,TIER 2,HIGH,Quality of Life Value,North Macedonia,: 119.96,numeric value stored as text behind a non-numeric prefix; forces the whole column to object dtype,"Strip the prefix with a whitelist regex, then parse; reject anything still unparseable."
DQX00498,DQ-002,EMBEDDED_PREFIX,TIER 2,HIGH,Quality of Life Value,Norway,: 194.48,numeric value stored as text behind a non-numeric prefix; forces the whole column to object dtype,"Strip the prefix with a whitelist regex, then parse; reject anything still unparseable."
DQX00499,DQ-002,EMBEDDED_PREFIX,TIER 2,HIGH,Quality of Life Value,Oman,: 213.42,numeric value stored as text behind a non-numeric prefix; forces the whole column to object dtype,"Strip the prefix with a whitelist regex, then parse; reject anything still unparseable."
DQX00500,DQ-002,EMBEDDED_PREFIX,TIER 2,HIGH,Quality of Life Value,Pakistan,: 104.14,numeric value stored as text behind a non-numeric prefix; forces the whole column to object dtype,"Strip the prefix with a whitelist regex, then parse; reject anything still unparseable."
DQX00501,DQ-002,EMBEDDED_PREFIX,TIER 2,HIGH,Quality of Life Value,Panama,: 122.74,numeric value stored as text behind a non-numeric prefix; forces the whole column to object dtype,"Strip the prefix with a whitelist regex, then parse; reject anything still unparseable."
DQX00502,DQ-002,EMBEDDED_PREFIX,TIER 2,HIGH,Quality of Life Value,Paraguay,: 109.45,numeric value stored as text behind a non-numeric prefix; forces the whole column to object dtype,"Strip the prefix with a whitelist regex, then parse; reject anything still unparseable."
DQX00503,DQ-002,EMBEDDED_PREFIX,TIER 2,HIGH,Quality of Life Value,Peru,: 85.92,numeric value stored as text behind a non-numeric prefix; forces the whole column to object dtype,"Strip the prefix with a whitelist regex, then parse; reject anything still unparseable."
DQX00504,DQ-002,EMBEDDED_PREFIX,TIER 2,HIGH,Quality of Life Value,Philippines,: 96.95,numeric value stored as text behind a non-numeric prefix; forces the whole column to object dtype,"Strip the prefix with a whitelist regex, then parse; reject anything still unparseable."
DQX00505,DQ-002,EMBEDDED_PREFIX,TIER 2,HIGH,Quality of Life Value,Poland,: 153.60,numeric value stored as text behind a non-numeric prefix; forces the whole column to object dtype,"Strip the prefix with a whitelist regex, then parse; reject anything still unparseable."
DQX00506,DQ-002,EMBEDDED_PREFIX,TIER 2,HIGH,Quality of Life Value,Portugal,: 168.85,numeric value stored as text behind a non-numeric prefix; forces the whole column to object dtype,"Strip the prefix with a whitelist regex, then parse; reject anything still unparseable."
DQX00507,DQ-002,EMBEDDED_PREFIX,TIER 2,HIGH,Quality of Life Value,Qatar,: 192.73,numeric value stored as text behind a non-numeric prefix; forces the whole column to object dtype,"Strip the prefix with a whitelist regex, then parse; reject anything still unparseable."
DQX00508,DQ-002,EMBEDDED_PREFIX,TIER 2,HIGH,Quality of Life Value,Romania,: 142.14,numeric value stored as text behind a non-numeric prefix; forces the whole column to object dtype,"Strip the prefix with a whitelist regex, then parse; reject anything still unparseable."
DQX00509,DQ-002,EMBEDDED_PREFIX,TIER 2,HIGH,Quality of Life Value,Russia,: 113.56,numeric value stored as text behind a non-numeric prefix; forces the whole column to object dtype,"Strip the prefix with a whitelist regex, then parse; reject anything still unparseable."
DQX00510,DQ-002,EMBEDDED_PREFIX,TIER 2,HIGH,Quality of Life Value,Rwanda,: 0.00,numeric value stored as text behind a non-numeric prefix; forces the whole column to object dtype,"Strip the prefix with a whitelist regex, then parse; reject anything still unparseable."
DQX00511,DQ-002,EMBEDDED_PREFIX,TIER 2,HIGH,Quality of Life Value,Saudi Arabia,: 173.20,numeric value stored as text behind a non-numeric prefix; forces the whole column to object dtype,"Strip the prefix with a whitelist regex, then parse; reject anything still unparseable."
DQX00512,DQ-002,EMBEDDED_PREFIX,TIER 2,HIGH,Quality of Life Value,Serbia,: 123.62,numeric value stored as text behind a non-numeric prefix; forces the whole column to object dtype,"Strip the prefix with a whitelist regex, then parse; reject anything still unparseable."
DQX00513,DQ-002,EMBEDDED_PREFIX,TIER 2,HIGH,Quality of Life Value,Singapore,: 157.13,numeric value stored as text behind a non-numeric prefix; forces the whole column to object dtype,"Strip the prefix with a whitelist regex, then parse; reject anything still unparseable."
DQX00514,DQ-002,EMBEDDED_PREFIX,TIER 2,HIGH,Quality of Life Value,Slovakia,: 157.96,numeric value stored as text behind a non-numeric prefix; forces the whole column to object dtype,"Strip the prefix with a whitelist regex, then parse; reject anything still unparseable."
DQX00515,DQ-002,EMBEDDED_PREFIX,TIER 2,HIGH,Quality of Life Value,Slovenia,: 178.94,numeric value stored as text behind a non-numeric prefix; forces the whole column to object dtype,"Strip the prefix with a whitelist regex, then parse; reject anything still unparseable."
DQX00516,DQ-002,EMBEDDED_PREFIX,TIER 2,HIGH,Quality of Life Value,South Africa,: 155.84,numeric value stored as text behind a non-numeric prefix; forces the whole column to object dtype,"Strip the prefix with a whitelist regex, then parse; reject anything still unparseable."
DQX00517,DQ-002,EMBEDDED_PREFIX,TIER 2,HIGH,Quality of Life Value,South Korea,: 148.74,numeric value stored as text behind a non-numeric prefix; forces the whole column to object dtype,"Strip the prefix with a whitelist regex, then parse; reject anything still unparseable."
DQX00518,DQ-002,EMBEDDED_PREFIX,TIER 2,HIGH,Quality of Life Value,Spain,: 184.67,numeric value stored as text behind a non-numeric prefix; forces the whole column to object dtype,"Strip the prefix with a whitelist regex, then parse; reject anything still unparseable."
DQX00519,DQ-002,EMBEDDED_PREFIX,TIER 2,HIGH,Quality of Life Value,Sri Lanka,: 75.17,numeric value stored as text behind a non-numeric prefix; forces the whole column to object dtype,"Strip the prefix with a whitelist regex, then parse; reject anything still unparseable."
DQX00520,DQ-002,EMBEDDED_PREFIX,TIER 2,HIGH,Quality of Life Value,Sweden,: 193.48,numeric value stored as text behind a non-numeric prefix; forces the whole column to object dtype,"Strip the prefix with a whitelist regex, then parse; reject anything still unparseable."
DQX00521,DQ-002,EMBEDDED_PREFIX,TIER 2,HIGH,Quality of Life Value,Switzerland,: 204.91,numeric value stored as text behind a non-numeric prefix; forces the whole column to object dtype,"Strip the prefix with a whitelist regex, then parse; reject anything still unparseable."
DQX00522,DQ-002,EMBEDDED_PREFIX,TIER 2,HIGH,Quality of Life Value,Taiwan,: 160.18,numeric value stored as text behind a non-numeric prefix; forces the whole column to object dtype,"Strip the prefix with a whitelist regex, then parse; reject anything still unparseable."
DQX00523,DQ-002,EMBEDDED_PREFIX,TIER 2,HIGH,Quality of Life Value,Tanzania,: 0.00,numeric value stored as text behind a non-numeric prefix; forces the whole column to object dtype,"Strip the prefix with a whitelist regex, then parse; reject anything still unparseable."
DQX00524,DQ-002,EMBEDDED_PREFIX,TIER 2,HIGH,Quality of Life Value,Thailand,: 105.37,numeric value stored as text behind a non-numeric prefix; forces the whole column to object dtype,"Strip the prefix with a whitelist regex, then parse; reject anything still unparseable."
DQX00525,DQ-002,EMBEDDED_PREFIX,TIER 2,HIGH,Quality of Life Value,Trinidad And Tobago,: 84.52,numeric value stored as text behind a non-numeric prefix; forces the whole column to object dtype,"Strip the prefix with a whitelist regex, then parse; reject anything still unparseable."
DQX00526,DQ-002,EMBEDDED_PREFIX,TIER 2,HIGH,Quality of Life Value,Tunisia,: 115.44,numeric value stored as text behind a non-numeric prefix; forces the whole column to object dtype,"Strip the prefix with a whitelist regex, then parse; reject anything still unparseable."
DQX00527,DQ-002,EMBEDDED_PREFIX,TIER 2,HIGH,Quality of Life Value,Turkey,: 130.42,numeric value stored as text behind a non-numeric prefix; forces the whole column to object dtype,"Strip the prefix with a whitelist regex, then parse; reject anything still unparseable."
DQX00528,DQ-002,EMBEDDED_PREFIX,TIER 2,HIGH,Quality of Life Value,Uganda,: 0.00,numeric value stored as text behind a non-numeric prefix; forces the whole column to object dtype,"Strip the prefix with a whitelist regex, then parse; reject anything still unparseable."
DQX00529,DQ-002,EMBEDDED_PREFIX,TIER 2,HIGH,Quality of Life Value,Ukraine,: 114.78,numeric value stored as text behind a non-numeric prefix; forces the whole column to object dtype,"Strip the prefix with a whitelist regex, then parse; reject anything still unparseable."
DQX00530,DQ-002,EMBEDDED_PREFIX,TIER 2,HIGH,Quality of Life Value,United Arab Emirates,: 176.65,numeric value stored as text behind a non-numeric prefix; forces the whole column to object dtype,"Strip the prefix with a whitelist regex, then parse; reject anything still unparseable."
DQX00531,DQ-002,EMBEDDED_PREFIX,TIER 2,HIGH,Quality of Life Value,United Kingdom,: 175.20,numeric value stored as text behind a non-numeric prefix; forces the whole column to object dtype,"Strip the prefix with a whitelist regex, then parse; reject anything still unparseable."
DQX00532,DQ-002,EMBEDDED_PREFIX,TIER 2,HIGH,Quality of Life Value,United States,: 189.14,numeric value stored as text behind a non-numeric prefix; forces the whole column to object dtype,"Strip the prefix with a whitelist regex, then parse; reject anything still unparseable."
DQX00533,DQ-002,EMBEDDED_PREFIX,TIER 2,HIGH,Quality of Life Value,Uruguay,: 141.60,numeric value stored as text behind a non-numeric prefix; forces the whole column to object dtype,"Strip the prefix with a whitelist regex, then parse; reject anything still unparseable."
DQX00534,DQ-002,EMBEDDED_PREFIX,TIER 2,HIGH,Quality of Life Value,Uzbekistan,: 133.78,numeric value stored as text behind a non-numeric prefix; forces the whole column to object dtype,"Strip the prefix with a whitelist regex, then parse; reject anything still unparseable."
DQX00535,DQ-002,EMBEDDED_PREFIX,TIER 2,HIGH,Quality of Life Value,Vietnam,: 97.18,numeric value stored as text behind a non-numeric prefix; forces the whole column to object dtype,"Strip the prefix with a whitelist regex, then parse; reject anything still unparseable."
DQX00536,DQ-002,EMBEDDED_PREFIX,TIER 2,HIGH,Quality of Life Value,Zimbabwe,: 94.20,numeric value stored as text behind a non-numeric prefix; forces the whole column to object dtype,"Strip the prefix with a whitelist regex, then parse; reject anything still unparseable."
DQX00537,DQ-003,GROUPED_NUMERIC,TIER 2,HIGH,Property Price to Income Value,Niger,"2,746.00",numeric stored with thousands separators; a naive pd.to_numeric(errors='coerce') discards it silently,Remove grouping separators before parsing; assert the parsed count equals the source count.
DQX00538,DQ-003,GROUPED_NUMERIC,TIER 2,HIGH,Property Price to Income Value,Solomon Islands,"1,004.18",numeric stored with thousands separators; a naive pd.to_numeric(errors='coerce') discards it silently,Remove grouping separators before parsing; assert the parsed count equals the source count.
DQX00539,DQ-003,GROUPED_NUMERIC,TIER 2,HIGH,Property Price to Income Value,Uganda,"1,075.92",numeric stored with thousands separators; a naive pd.to_numeric(errors='coerce') discards it silently,Remove grouping separators before parsing; assert the parsed count equals the source count.
DQX00560,DQ-007,RANGE_VIOLATION,TIER 2,HIGH,Climate Value,Mongolia,-3.54,"outside the declared range [0.0, 300.0]",Quarantine the row and refer it to the source owner; do not clip to the boundary.
DQX00561,DQ-007,RANGE_VIOLATION,TIER 2,HIGH,Property Price to Income Value,Niger,2746.0,"outside the declared range [0.0, 200.0]",Quarantine the row and refer it to the source owner; do not clip to the boundary.
DQX00562,DQ-007,RANGE_VIOLATION,TIER 2,HIGH,Property Price to Income Value,Papua New Guinea,450.4,"outside the declared range [0.0, 200.0]",Quarantine the row and refer it to the source owner; do not clip to the boundary.
DQX00563,DQ-007,RANGE_VIOLATION,TIER 2,HIGH,Property Price to Income Value,Rwanda,446.83,"outside the declared range [0.0, 200.0]",Quarantine the row and refer it to the source owner; do not clip to the boundary.
DQX00564,DQ-007,RANGE_VIOLATION,TIER 2,HIGH,Property Price to Income Value,Samoa,205.03,"outside the declared range [0.0, 200.0]",Quarantine the row and refer it to the source owner; do not clip to the boundary.
DQX00565,DQ-007,RANGE_VIOLATION,TIER 2,HIGH,Property Price to Income Value,Solomon Islands,1004.18,"outside the declared range [0.0, 200.0]",Quarantine the row and refer it to the source owner; do not clip to the boundary.
DQX00566,DQ-007,RANGE_VIOLATION,TIER 2,HIGH,Property Price to Income Value,Somalia,360.1,"outside the declared range [0.0, 200.0]",Quarantine the row and refer it to the source owner; do not clip to the boundary.
DQX00567,DQ-007,RANGE_VIOLATION,TIER 2,HIGH,Property Price to Income Value,Uganda,1075.92,"outside the declared range [0.0, 200.0]",Quarantine the row and refer it to the source owner; do not clip to the boundary.
DQX00543,DQ-004,QUOTE_WRAPPED,TIER 3,MEDIUM,Climate Category,114 rows,'Very High',114 of 236 values are wrapped in stray quote characters; the wrapped form will not join or filter against the clean form,Strip the wrapping quote characters and re-assert the categorical domain.
DQX00544,DQ-004,QUOTE_WRAPPED,TIER 3,MEDIUM,Cost of Living Category,191 rows,'Very Low',191 of 236 values are wrapped in stray quote characters; the wrapped form will not join or filter against the clean form,Strip the wrapping quote characters and re-assert the categorical domain.
DQX00542,DQ-004,QUOTE_WRAPPED,TIER 3,MEDIUM,Health Care Category,221 rows,'Low',221 of 236 values are wrapped in stray quote characters; the wrapped form will not join or filter against the clean form,Strip the wrapping quote characters and re-assert the categorical domain.
DQX00547,DQ-004,QUOTE_WRAPPED,TIER 3,MEDIUM,Pollution Category,226 rows,'Very High',226 of 236 values are wrapped in stray quote characters; the wrapped form will not join or filter against the clean form,Strip the wrapping quote characters and re-assert the categorical domain.
DQX00545,DQ-004,QUOTE_WRAPPED,TIER 3,MEDIUM,Property Price to Income Category,215 rows,'Low',215 of 236 values are wrapped in stray quote characters; the wrapped form will not join or filter against the clean form,Strip the wrapping quote characters and re-assert the categorical domain.
DQX00540,DQ-004,QUOTE_WRAPPED,TIER 3,MEDIUM,Purchasing Power Category,190 rows,'Very Low',190 of 236 values are wrapped in stray quote characters; the wrapped form will not join or filter against the clean form,Strip the wrapping quote characters and re-assert the categorical domain.
DQX00548,DQ-004,QUOTE_WRAPPED,TIER 3,MEDIUM,Quality of Life Category,114 rows,'Low',114 of 236 values are wrapped in stray quote characters; the wrapped form will not join or filter against the clean form,Strip the wrapping quote characters and re-assert the categorical domain.
DQX00541,DQ-004,QUOTE_WRAPPED,TIER 3,MEDIUM,Safety Category,234 rows,'Low',234 of 236 values are wrapped in stray quote characters; the wrapped form will not join or filter against the clean form,Strip the wrapping quote characters and re-assert the categorical domain.
DQX00546,DQ-004,QUOTE_WRAPPED,TIER 3,MEDIUM,Traffic Commute Time Category,207 rows,'Very High',207 of 236 values are wrapped in stray quote characters; the wrapped form will not join or filter against the clean form,Strip the wrapping quote characters and re-assert the categorical domain.
DQX00691,DQ-010,PAIR_INCONSISTENCY,TIER 3,MEDIUM,Pollution Value,Tuvalu,Very Low,"category present, value missing (Pollution Value / Pollution Category)",Re-derive the category from the value using the published tier boundaries.
DQX00685,DQ-010,PAIR_INCONSISTENCY,TIER 3,MEDIUM,Property Price to Income Value,Kiribati,Very Low,"category present, value missing (Property Price to Income Value / Property Price to Income Category)",Re-derive the category from the value using the published tier boundaries.
DQX00692,DQ-010,PAIR_INCONSISTENCY,TIER 3,MEDIUM,Quality of Life Value,Rwanda,Very Low,"category present, value missing (Quality of Life Value / Quality of Life Category)",Re-derive the category from the value using the published tier boundaries.
DQX00693,DQ-010,PAIR_INCONSISTENCY,TIER 3,MEDIUM,Quality of Life Value,Tanzania,Very Low,"category present, value missing (Quality of Life Value / Quality of Life Category)",Re-derive the category from the value using the published tier boundaries.
DQX00694,DQ-010,PAIR_INCONSISTENCY,TIER 3,MEDIUM,Quality of Life Value,Uganda,Very Low,"category present, value missing (Quality of Life Value / Quality of Life Category)",Re-derive the category from the value using the published tier boundaries.
DQX00686,DQ-010,PAIR_INCONSISTENCY,TIER 3,MEDIUM,Traffic Commute Time Value,Liechtenstein,Very Low,"category present, value missing (Traffic Commute Time Value / Traffic Commute Time Category)",Re-derive the category from the value using the published tier boundaries.
DQX00687,DQ-010,PAIR_INCONSISTENCY,TIER 3,MEDIUM,Traffic Commute Time Value,Reunion,Very Low,"category present, value missing (Traffic Commute Time Value / Traffic Commute Time Category)",Re-derive the category from the value using the published tier boundaries.
DQX00688,DQ-010,PAIR_INCONSISTENCY,TIER 3,MEDIUM,Traffic Commute Time Value,Sint Maarten,Very Low,"category present, value missing (Traffic Commute Time Value / Traffic Commute Time Category)",Re-derive the category from the value using the published tier boundaries.
DQX00689,DQ-010,PAIR_INCONSISTENCY,TIER 3,MEDIUM,Traffic Commute Time Value,South Sudan,Very Low,"category present, value missing (Traffic Commute Time Value / Traffic Commute Time Category)",Re-derive the category from the value using the published tier boundaries.
DQX00690,DQ-010,PAIR_INCONSISTENCY,TIER 3,MEDIUM,Traffic Commute Time Value,Tuvalu,Very Low,"category present, value missing (Traffic Commute Time Value / Traffic Commute Time Category)",Re-derive the category from the value using the published tier boundaries.
DQX00552,DQ-005,REQUIRED_NULL,TIER 4,LOW,Climate Category,122 rows,,"122 of 236 values are null (51.7% of rows), optional field",Leave as NULL and document the coverage rate; do not fill.
DQX00553,DQ-005,REQUIRED_NULL,TIER 4,LOW,Cost of Living Category,45 rows,,"45 of 236 values are null (19.1% of rows), optional field",Leave as NULL and document the coverage rate; do not fill.
DQX00551,DQ-005,REQUIRED_NULL,TIER 4,LOW,Health Care Category,15 rows,,"15 of 236 values are null (6.4% of rows), optional field",Leave as NULL and document the coverage rate; do not fill.
DQX00556,DQ-005,REQUIRED_NULL,TIER 4,LOW,Pollution Category,10 rows,,"10 of 236 values are null (4.2% of rows), optional field",Leave as NULL and document the coverage rate; do not fill.
DQX00554,DQ-005,REQUIRED_NULL,TIER 4,LOW,Property Price to Income Category,21 rows,,"21 of 236 values are null (8.9% of rows), optional field",Leave as NULL and document the coverage rate; do not fill.
DQX00549,DQ-005,REQUIRED_NULL,TIER 4,LOW,Purchasing Power Category,46 rows,,"46 of 236 values are null (19.5% of rows), optional field",Leave as NULL and document the coverage rate; do not fill.
DQX00557,DQ-005,REQUIRED_NULL,TIER 4,LOW,Quality of Life Category,122 rows,,"122 of 236 values are null (51.7% of rows), optional field",Leave as NULL and document the coverage rate; do not fill.
DQX00550,DQ-005,REQUIRED_NULL,TIER 4,LOW,Safety Category,2 rows,,"2 of 236 values are null (0.8% of rows), optional field",Leave as NULL and document the coverage rate; do not fill.
DQX00555,DQ-005,REQUIRED_NULL,TIER 4,LOW,Traffic Commute Time Category,29 rows,,"29 of 236 values are null (12.3% of rows), optional field",Leave as NULL and document the coverage rate; do not fill.
